,ch0,ch1,ch2,ch3
15,4.5039691e-05,0.000176445581,4.2001717e-05,3.016e-05
16,4.5118853e-05,0.000176560134,4.2001717e-05,3.016e-05
17,4.5469962e-05,0.000177246518,4.2234547e-05,3.5587698e-05
18,4.5955181e-05,0.000177873299,4.2252243e-05,3.5465695e-05
20,4.6297908e-05,0.000178738497,4.1837804e-05,3.5747886e-05
21,4.6618283e-05,0.00017917715,4.1145831e-05,3.5691075e-05
22,4.7319569e-05,0.000180283561,4.0836632e-05,3.5502017e-05
23,4.7336332e-05,0.000180135481,4.0836632e-05,3.4989789e-05
23,4.7336332e-05,0.000180135481,4.0255487e-05,3.4989789e-05
24,4.7089532e-05,0.000180327334,4.0533021e-05,3.4989789e-05
25,4.6775676e-05,0.000180064701,4.020799e-05,3.4534372e-05
26,4.6782196e-05,0.000180151314,4.094094e-05,3.4534372e-05
27,4.6446919e-05,0.00017932523,4.0880404e-05,3.4563243e-05
28,4.5917928e-05,0.000178524293,4.0984713e-05,3.4686178e-05
29,4.5775436e-05,0.000177665614,4.0984713e-05,3.4737401e-05
29,4.5775436e-05,0.000177665614,4.0984713e-05,3.4737401e-05
30,4.5539811e-05,0.000177107751,4.0911138e-05,3.4944154e-05
31,4.5554712e-05,0.000177107751,4.0911138e-05,3.4854747e-05
31,4.5554712e-05,0.000177107751,4.0911138e-05,3.4854747e-05
32,4.5361929e-05,0.000176437199,4.133489e-05,3.5572797e-05
33,4.547555e-05,0.000175370835,4.1481107e-05,3.5787933e-05
34,4.4948421e-05,0.000174643472,4.1972846e-05,3.6257319e-05
35,4.4837594e-05,0.000173751265,4.1891821e-05,3.6178157e-05
36,4.4717453e-05,0.000173565,4.1891821e-05,3.6178157e-05
37,4.5049004e-05,0.000173580833,4.2261556e-05,3.6383979e-05
38,4.4682063e-05,0.000173597597,4.2852014e-05,3.6383979e-05
39,4.465133e-05,0.000173387118,4.2852014e-05,3.6742538e-05
40,4.4353306e-05,0.000172784552,4.2828731e-05,3.6790036e-05
41,4.4538639e-05,0.000172745436,4.2725354e-05,3.6600046e-05
43,4.4499524e-05,0.000172349624,4.255306e-05,3.6804006e-05
44,4.4215471e-05,0.000171668828,4.2087398e-05,3.6829151e-05
46,4.4056214e-05,0.000170214102,4.1864812e-05,3.7058257e-05
47,4.3513253e-05,0.000168744475,4.249718e-05,3.7086196e-05
48,4.2391941e-05,0.000166181475,4.249718e-05,3.7086196e-05
49,4.1812658e-05,0.000167509541,3.8363039e-05,3.3613294e-05
49,4.1812658e-05,0.000167509541,3.8363039e-05,3.3613294e-05
50,4.2119063e-05,0.000166540034,3.8363039e-05,3.3613294e-05
51,3.8295053e-05,0.000162132084,3.5096891e-05,2.4262816e-05
52,3.2998621e-05,0.000162132084,3.1155534e-05,2.4262816e-05
53,2.7203001e-05,0.000150327571,2.8403476e-05,1.1792406e-05
54,2.2322871e-05,0.000142914243,2.1841377e-05,1.1792406e-05
55,1.9573607e-05,0.000140519813,2.1841377e-05,5.581416e-06
56,2.0595267e-05,0.000141184777,1.9411556e-05,5.362555e-06
57,2.1029264e-05,0.000141683966,1.9707717e-05,6.286427e-06
58,2.1078624e-05,0.000141185708,1.9707717e-05,6.286427e-06
60,2.135057e-05,0.000141950324,1.9656494e-05,6.346032e-06
61,2.0735897e-05,0.000141314231,1.9656494e-05,6.072223e-06
62,2.0531937e-05,0.000141317956,1.9978732e-05,6.15418e-06
63,2.0842999e-05,0.00014159549,1.9975007e-05,6.15418e-06
64,2.0755455e-05,0.000141138211,1.974497e-05,6.317161e-06
65,2.0495616e-05,0.00014112331,1.9949861e-05,5.870126e-06
66,2.1003187e-05,0.000141667202,1.9940548e-05,6.247312e-06
67,2.1029264e-05,0.000141127035,1.9940548e-05,6.414019e-06
68,2.1029264e-05,0.000141268596,2.0029023e-05,6.32368e-06
69,2.0920299e-05,0.000141237862,1.9839965e-05,6.367452e-06
70,2.0854175e-05,0.000141349621,2.0030886e-05,6.183051e-06
71,2.0891428e-05,0.000141386874,1.9895844e-05,6.262213e-06
71,2.0891428e-05,0.000141386874,1.9895844e-05,6.262213e-06
72,2.0831823e-05,0.000141440891,2.004765e-05,6.200746e-06
73,2.1039508e-05,0.000141175464,2.0006672e-05,6.264076e-06
74,2.0987354e-05,0.000141655095,2.0129606e-05,6.30971e-06
74,2.0987354e-05,0.000141655095,2.0129606e-05,6.30971e-06
75,2.0947307e-05,0.000141448341,1.9826926e-05,6.30971e-06
76,2.0609237e-05,0.00014162343,1.9947998e-05,6.037764e-06
77,2.0861626e-05,0.000141332857,1.9947998e-05,6.367452e-06
78,2.1042302e-05,0.000141414814,2.0171516e-05,6.058253e-06
79,2.0979904e-05,0.000141300261,1.975894e-05,6.058253e-06
80,2.1176413e-05,0.000141687691,1.9955449e-05,6.30971e-06
81,2.1095388e-05,0.00014141947,1.9812956e-05,6.234273e-06
83,2.0965002e-05,0.000141240656,1.9837171e-05,6.174669e-06
84,2.1057203e-05,0.000141407363,2.0003878e-05,6.358139e-06
86,2.1102838e-05,0.000141256489,1.9893982e-05,6.22496e-06
87,2.10898e-05,0.000141274184,2.0200387e-05,6.275252e-06
89,2.098456e-05,0.000141096301,2.0059757e-05,6.08433e-06
90,2.0762905e-05,0.000141231343,2.0148233e-05,6.089918e-06
92,2.0834617e-05,0.000141120516,2.0180829e-05,6.176531e-06
93,2.0834617e-05,0.000141094439,2.0182692e-05,6.237999e-06
94,2.099108e-05,0.000141499564,2.0077452e-05,6.020069e-06
95,2.1021813e-05,0.000141394325,1.9873492e-05,6.078742e-06
96,2.1069311e-05,0.00014149677,1.9982457e-05,6.099232e-06
97,2.1110289e-05,0.000141244382,1.9907951e-05,5.924143e-06
98,2.1049753e-05,0.000141474418,2.0010397e-05,6.367452e-06
100,2.1045096e-05,0.000141662546,1.9834377e-05,6.134622e-06
101,2.0779669e-05,0.000141662546,2.0059757e-05,6.134622e-06
102,2.0956621e-05,0.000141439959,2.004113e-05,6.301329e-06
103,2.0956621e-05,0.000141223893,1.9921921e-05,6.179325e-06
105,2.0607375e-05,0.000141466036,2.0143576e-05,6.279908e-06
106,2.0960346e-05,0.000141462311,1.9911677e-05,6.205402e-06
107,2.0772219e-05,0.000141336583,1.9860454e-05,6.155111e-06
108,2.1002255e-05,0.000141336583,1.9860454e-05,6.155111e-06
109,2.0643696e-05,0.00014143344,1.9712374e-05,6.057322e-06
110,2.0934269e-05,0.00014129281,1.9925646e-05,6.307848e-06
111,2.0693988e-05,0.000141570345,1.9952655e-05,6.09085e-06
112,2.0877458e-05,0.000141451135,1.9807369e-05,6.09085e-06
114,2.0953827e-05,0.000141436234,1.9897707e-05,6.268732e-06
115,2.0706095e-05,0.000141436234,1.9953586e-05,6.268732e-06
116,2.089981e-05,0.000141323544,1.9874424e-05,6.246381e-06
117,2.0631589e-05,0.000141516328,1.98856e-05,6.163493e-06
117,2.0631589e-05,0.000141516328,1.98856e-05,6.163493e-06
118,2.097711e-05,0.00014125742,1.9915402e-05,6.294809e-06
118,2.097711e-05,0.00014125742,1.9915402e-05,6.294809e-06
119,2.0687468e-05,0.000141555443,1.9892119e-05,6.350689e-06
120,2.0854175e-05,0.000141227618,1.9892119e-05,6.350689e-06
121,2.0736828e-05,0.000141521916,2.0071864e-05,6.40098e-06
122,2.0890497e-05,0.000141155906,1.98083e-05,6.276183e-06
123,2.0924024e-05,0.000141567551,1.98083e-05,6.276183e-06
124,2.0924956e-05,0.00014111679,1.9988045e-05,6.331131e-06
125,2.0834617e-05,0.000141417608,2.016034e-05,6.37956e-06
126,2.0879321e-05,0.000141274184,1.9901432e-05,6.185845e-06
127,2.0827167e-05,0.000141484663,1.9901432e-05,6.185845e-06
128,2.0795502e-05,0.000141444616,1.9940548e-05,6.216578e-06
129,2.1102838e-05,0.000141516328,2.0185485e-05,6.454065e-06
130,6.1956234e-05,0.000141618773,2.0185485e-05,6.454065e-06
131,3.170222e-06,0.000340564176,2.0188279e-05,-5.213544e-06
132,1.6367063e-05,0.000199310482,0.000126847066,6.1092898e-05
133,3.974885e-06,0.000138749368,5.2575022e-05,6.1092898e-05
134,3.3243559e-05,0.000129381195,5.2575022e-05,1.3834797e-05
135,4.9071386e-05,0.000165301375,2.7478673e-05,2.2035092e-05
136,3.5331585e-05,0.000155723654,2.7478673e-05,2.2035092e-05
137,3.5331585e-05,0.000141469762,3.1229109e-05,2.7595088e-05
139,5.1775016e-05,0.000195863657,3.4208409e-05,2.8169714e-05
140,3.5177916e-05,0.000181714073,4.3855049e-05,4.0154904e-05
141,4.2452477e-05,0.000161290169,4.3855049e-05,4.0154904e-05
142,5.9769489e-05,0.000174948014,3.9929524e-05,3.5739504e-05
142,5.9769489e-05,0.000174948014,3.9929524e-05,3.5739504e-05
143,4.4955872e-05,0.00017315615,2.8942712e-05,3.1712465e-05
144,3.5633333e-05,0.000170785934,4.229974e-05,4.1838735e-05
146,5.0865114e-05,0.000185998157,3.7009828e-05,4.1478314e-05
147,4.2036176e-05,0.000182273798,4.0424988e-05,4.1478314e-05
149,5.174987e-05,0.000167561695,4.070811e-05,3.8646162e-05
149,5.174987e-05,0.000167561695,4.070811e-05,3.8646162e-05
151,4.1698106e-05,0.000180678442,3.9734878e-05,4.2486005e-05
152,3.9429404e-05,0.000167756341,4.0529296e-05,3.2909214e-05
153,5.0278381e-05,0.00017102249,4.0529296e-05,3.2909214e-05
154,5.1014125e-05,0.000181173906,3.7386082e-05,4.024338e-05
155,4.1761436e-05,0.000177847221,3.8980506e-05,3.6365353e-05
158,4.7074631e-05,0.00017874781,3.8719736e-05,3.8493425e-05
159,4.2436644e-05,0.000173443928,3.8719736e-05,3.8493425e-05
160,4.693307e-05,0.000171293505,4.0639192e-05,3.7137419e-05
161,4.7810376e-05,0.000176639296,3.8964674e-05,3.8371421e-05
162,4.4655986e-05,0.000175490044,4.0132552e-05,3.8050115e-05
163,4.5048073e-05,0.000172949396,4.0835701e-05,3.7795864e-05
164,4.7751702e-05,0.000175167806,4.0108338e-05,3.8704835e-05
165,4.5409426e-05,0.000176475383,4.0108338e-05,3.8704835e-05
166,4.4007786e-05,0.000173582695,4.0400773e-05,3.7129968e-05
167,4.6230853e-05,0.000173593871,4.0374696e-05,3.7766062e-05
168,4.7728419e-05,0.000175914727,4.0374696e-05,3.7766062e-05
169,4.5240857e-05,0.000176610425,4.0329993e-05,3.8195401e-05
170,4.4922344e-05,0.000173974782,4.0018e-05,3.649015e-05
171,5.3357333e-05,0.000172465108,4.0018e-05,3.649015e-05
172,5.5476092e-05,0.000178878196,3.5069883e-05,4.3442473e-05
173,4.7544949e-05,0.000173937529,2.9252842e-05,4.1877851e-05
175,5.0690956e-05,0.000164158642,3.1527132e-05,3.9135106e-05
176,5.2086078e-05,0.000166767277,3.1527132e-05,3.9135106e-05
177,4.8175454e-05,0.000171227381,3.2710843e-05,4.2174943e-05
178,4.2086467e-05,0.000166826881,3.0041672e-05,3.3456832e-05
179,3.6289915e-05,0.000161575153,2.362486e-05,2.7045608e-05
180,3.798306e-05,0.000162159093,3.1530857e-05,2.2419728e-05
181,2.9445626e-05,0.000161293894,2.5602058e-05,2.0368956e-05
182,2.5277026e-05,0.000153183006,2.5175512e-05,1.4833175e-05
183,2.4212524e-05,0.000147036277,1.9848347e-05,8.236617e-06
184,1.9004568e-05,0.000142959878,1.9261613e-05,4.851259e-06
187,2.0503066e-05,0.000144729391,2.0098872e-05,7.20378e-06
189,2.1215528e-05,0.00014022924,1.9478612e-05,6.413087e-06
190,2.19699e-05,0.00014186278,1.987908e-05,6.669201e-06
191,2.0939857e-05,0.000142195262,2.0332634e-05,6.669201e-06
193,2.0639971e-05,0.000141458586,2.0038337e-05,6.384216e-06
194,2.0744279e-05,0.000141386874,1.9313768e-05,6.709248e-06
195,2.085045e-05,0.000140538439,1.9734725e-05,6.457791e-06
196,2.1298416e-05,0.000140974298,2.0159408e-05,6.535091e-06
197,2.1298416e-05,0.000141418539,2.033636e-05,6.535091e-06
198,2.072379e-05,0.000141737051,2.033636e-05,6.26035e-06
199,2.0724721e-05,0.000141414814,1.9862317e-05,6.235205e-06
201,2.0669773e-05,0.000140966848,1.9853003e-05,6.480142e-06
202,2.1109357e-05,0.000141107477,1.9588508e-05,5.85895e-06
203,2.1014363e-05,0.000141693279,2.0314939e-05,5.958602e-06
204,2.0866282e-05,0.000142162666,2.0151958e-05,6.796792e-06
205,2.090726e-05,0.000141865574,1.9530766e-05,6.796792e-06
206,2.0667911e-05,0.000141865574,1.9297004e-05,5.899929e-06
207,2.0781532e-05,0.000141290016,1.9652769e-05,5.899929e-06
208,2.1298416e-05,0.000141392462,1.9652769e-05,5.843118e-06
209,2.094917e-05,0.000141454861,2.0137988e-05,6.22496e-06
210,2.0817854e-05,0.000141514465,1.9862317e-05,6.393529e-06
212,2.080854e-05,0.00014118664,1.9920059e-05,6.087124e-06
213,2.0830892e-05,0.000141169876,2.0200387e-05,6.185845e-06
214,2.0614825e-05,0.000141634606,2.0241365e-05,6.124377e-06
215,2.0791776e-05,0.000141229481,2.0048581e-05,6.208196e-06
216,2.0804815e-05,0.000141470693,1.990702e-05,6.307848e-06
217,2.0905398e-05,0.000141415745,1.9797124e-05,6.079674e-06
218,2.0789914e-05,0.000141466036,1.9925646e-05,6.195158e-06
219,2.0830892e-05,0.000141417608,1.9915402e-05,6.045215e-06
220,2.0721927e-05,0.000141863711,1.9886531e-05,6.264076e-06
221,2.0703301e-05,0.000141529366,1.9712374e-05,6.139278e-06
223,2.0888634e-05,0.000141383149,1.9819476e-05,6.164424e-06
224,2.0976178e-05,0.000141747296,1.9952655e-05,6.40098e-06
225,2.0549633e-05,0.000141473487,1.9873492e-05,6.209128e-06
226,2.0683743e-05,0.000141585246,2.0178966e-05,6.384216e-06
227,2.052635e-05,0.000141392462,2.0178966e-05,6.143004e-06
228,2.0731241e-05,0.00014136266,2.0092353e-05,6.376766e-06
229,2.0707026e-05,0.000141373836,1.9702129e-05,6.376766e-06
230,2.0939857e-05,0.000141471624,2.0075589e-05,6.512739e-06
231,2.0500273e-05,0.000141488388,1.9892119e-05,6.134622e-06
232,2.0636246e-05,0.00014149677,1.9985251e-05,6.22496e-06
233,2.0532869e-05,0.000141467899,1.9920059e-05,6.22496e-06
234,2.0795502e-05,0.000141411088,1.9830652e-05,6.136484e-06
235,2.0598061e-05,0.000141619705,1.9858591e-05,6.1756e-06
236,2.0729378e-05,0.000141580589,1.9826926e-05,6.368384e-06
237,2.0666048e-05,0.000141723081,1.9771047e-05,6.269664e-06
238,2.0795502e-05,0.000141321681,1.9904226e-05,6.256625e-06
239,2.063252e-05,0.000141707249,1.9893982e-05,6.399117e-06
240,2.0790845e-05,0.000141291879,1.9945204e-05,6.30971e-06
240,2.0790845e-05,0.000141291879,1.9945204e-05,6.30971e-06
241,2.0609237e-05,0.00014147535,1.9927509e-05,6.395392e-06
242,2.0817854e-05,0.000141426921,1.98856e-05,6.239861e-06
243,2.0599924e-05,0.000141656026,2.0052306e-05,6.349757e-06
244,2.0734966e-05,0.00014147535,1.9980595e-05,6.346032e-06
245,2.1855347e-05,0.000141717494,2.0159408e-05,6.520189e-06
246,7.5764954e-05,0.000120361336,0.000149681233,0.000114798546
247,0.000150099397,0.000185652636,9.322539e-06,4.2587519e-05
248,1.1594035e-05,9.5582567e-05,-2.0995736e-05,4.2587519e-05
249,3.4552068e-05,0.000117029995,0.000118888915,-5.087629e-05
250,6.1017461e-05,0.000173278153,9.2293136e-05,8.602627e-06
252,2.9981136e-05,0.000206530094,4.2092986e-05,1.0480173e-05
253,1.4916062e-05,0.000169496052,7.6306984e-05,1.3557263e-05
254,4.8754737e-05,0.000166852027,4.1369349e-05,3.6871992e-05
255,3.5913661e-05,0.000175772235,3.3341348e-05,3.1895936e-05
256,5.496759e-05,0.00016139634,3.4820288e-05,3.1895936e-05
257,4.5871362e-05,0.000176914036,2.6848167e-05,4.1840598e-05
258,4.7912821e-05,0.000185567886,3.7629157e-05,3.2669865e-05
259,3.7747435e-05,0.000172126107,4.0241517e-05,3.2505952e-05
260,4.4837594e-05,0.000168887898,4.8880465e-05,3.6555342e-05
260,4.4837594e-05,0.000168887898,4.8880465e-05,3.6555342e-05
261,5.3933822e-05,0.000170578249,4.1767024e-05,4.0223822e-05
262,4.6800822e-05,0.000182161108,3.9031729e-05,3.8013794e-05
263,4.3583103e-05,0.000175130554,3.822241e-05,3.1583011e-05
264,4.2323023e-05,0.000169498846,4.3838285e-05,3.3184886e-05
265,5.2346848e-05,0.000178067014,4.4194981e-05,3.9725564e-05
266,4.7648326e-05,0.000181991607,3.8717873e-05,3.8509257e-05
267,4.0242448e-05,0.000176327303,4.1428022e-05,3.4777448e-05
268,4.3783337e-05,0.000167224556,4.1233376e-05,3.3979304e-05
269,5.1215291e-05,0.000176000409,3.9214268e-05,3.7469901e-05
270,4.8336573e-05,0.000181376934,3.9080158e-05,3.8105063e-05
271,4.2526051e-05,0.000174487941,4.2874366e-05,3.5643578e-05
272,4.5839697e-05,0.000171754509,4.1780062e-05,3.4692697e-05
273,4.8499554e-05,0.000176251866,3.8186088e-05,3.6380254e-05
273,4.8499554e-05,0.000176251866,3.8186088e-05,3.6380254e-05
274,4.723575e-05,0.000177987851,4.0642917e-05,3.6816113e-05
275,4.488416e-05,0.000174879096,4.1346997e-05,3.5266392e-05
276,4.7022477e-05,0.000175027177,4.0711835e-05,3.5779551e-05
277,4.6488829e-05,0.000176230446,3.9796345e-05,3.6031939e-05
278,4.6001747e-05,0.000175568275,4.0682033e-05,3.6446378e-05
279,4.634168e-05,0.000174121931,4.0794723e-05,3.6598183e-05
280,4.7205016e-05,0.000175964087,4.1042455e-05,3.680028e-05
281,4.5279972e-05,0.000175531954,4.0301122e-05,3.5584904e-05
281,4.5279972e-05,0.000175531954,4.0301122e-05,3.5584904e-05
283,5.1205046e-05,0.000178869814,4.1591004e-05,3.8223341e-05
284,5.2911229e-05,0.000183437951,3.9469451e-05,3.7267804e-05
284,5.2911229e-05,0.000183437951,3.9469451e-05,3.7267804e-05
285,5.1631592e-05,0.000185311772,3.7881546e-05,3.4682453e-05
286,5.2498654e-05,0.000183341093,3.696885e-05,3.4761615e-05
287,5.7942234e-05,0.000185401179,3.9017759e-05,3.8772821e-05
288,6.4634718e-05,0.000193646178,3.8141385e-05,4.983414e-05
289,5.1648356e-05,0.000192306936,2.6945025e-05,3.1042844e-05
290,4.1037798e-05,0.000176182017,2.7784146e-05,2.4797395e-05
291,3.7522055e-05,0.000160288066,3.0023046e-05,1.9514933e-05
292,4.0809624e-05,0.000163810328,2.0610169e-05,1.8817373e-05
293,3.7192367e-05,0.000168449245,1.6408972e-05,1.6271137e-05
294,1.9812025e-05,0.000149621628,2.444908e-05,1.1191703e-05
294,1.9812025e-05,0.000149621628,2.444908e-05,1.1191703e-05
296,2.2375025e-05,0.000143945217,1.5115365e-05,6.073155e-06
297,1.9222498e-05,0.000143892132,2.0110048e-05,6.96443e-06
299,2.3277476e-05,0.000142090954,1.8605031e-05,7.543713e-06
299,2.3277476e-05,0.000142090954,1.8605031e-05,7.543713e-06
300,1.9185245e-05,0.000141798519,2.1996908e-05,5.891547e-06
301,2.0058826e-05,0.000139195472,2.0572916e-05,5.303882e-06
302,2.160389e-05,0.00014090538,2.0572916e-05,6.866641e-06
302,2.160389e-05,0.00014090538,2.0012259e-05,6.866641e-06
303,2.1358021e-05,0.00014207419,2.0152889e-05,7.307157e-06
305,2.0720065e-05,0.000139705837,2.0224601e-05,5.585141e-06
306,2.1572225e-05,0.000139705837,2.0672567e-05,6.483868e-06
307,2.1080486e-05,0.000142243691,2.0524487e-05,6.483868e-06
307,2.1080486e-05,0.000142243691,2.0524487e-05,6.459653e-06
308,2.0226464e-05,0.000141290016,2.0107254e-05,6.459653e-06
309,2.0777807e-05,0.000140726566,2.0066276e-05,6.11227e-06
310,2.1074899e-05,0.000140696764,2.0011328e-05,6.11227e-06
311,2.1365471e-05,0.000140670687,2.0665117e-05,6.441027e-06
312,2.1039508e-05,0.000141408294,2.06884e-05,6.121583e-06
312,2.1039508e-05,0.000141408294,2.06884e-05,6.121583e-06
313,2.0892359e-05,0.000141163357,2.0826235e-05,6.292947e-06
313,2.0892359e-05,0.000141163357,2.0826235e-05,6.292947e-06
314,2.0431355e-05,0.000140863471,2.0395033e-05,6.079674e-06
315,2.1067448e-05,0.000140687451,2.0211563e-05,6.434508e-06
316,2.1245331e-05,0.000141105615,2.0240434e-05,6.15418e-06
317,2.0923093e-05,0.000140774995,2.0212494e-05,5.930662e-06
318,2.1170825e-05,0.000141374767,2.0612963e-05,5.938113e-06
319,2.1065585e-05,0.000141454861,2.0067208e-05,5.95022e-06
320,2.0879321e-05,0.000141589902,2.0341016e-05,6.050803e-06
321,2.1142885e-05,0.000141093507,2.0062551e-05,5.913898e-06
322,2.1098182e-05,0.000141182914,2.0088628e-05,5.827285e-06
322,2.1098182e-05,0.000141182914,2.0088628e-05,5.827285e-06
323,2.1050684e-05,0.000140846707,2.0341016e-05,5.531125e-06
324,2.1249056e-05,0.000141355209,2.0299107e-05,6.15418e-06
325,2.0932406e-05,0.000141322613,2.0319596e-05,6.017275e-06
326,2.1073036e-05,0.000141181983,2.0319596e-05,6.016344e-06
327,2.0903535e-05,0.000140953809,2.0068139e-05,5.80959e-06
328,2.1090731e-05,0.000140738674,2.0684674e-05,6.079674e-06
329,2.1064654e-05,0.000141057186,2.0474195e-05,5.988404e-06
330,2.1247193e-05,0.000141077675,2.0655803e-05,6.390736e-06
331,2.083648e-05,0.000141036697,2.0546839e-05,5.980954e-06
332,2.1115877e-05,0.000141000375,2.0258129e-05,6.105751e-06
333,2.1056272e-05,0.000140952878,2.0276755e-05,6.114133e-06
334,2.1256506e-05,0.000140890479,2.0383857e-05,6.124377e-06
335,2.1017157e-05,0.000141104683,2.0383857e-05,5.923212e-06
335,2.1017157e-05,0.000141104683,2.0460226e-05,5.923212e-06
336,2.1147542e-05,0.000141023658,2.0159408e-05,6.045215e-06
337,2.0950101e-05,0.000141310506,2.0232983e-05,6.087124e-06
337,2.0950101e-05,0.000141310506,2.0232983e-05,6.087124e-06
337,2.0950101e-05,0.000141310506,2.0232983e-05,6.087124e-06
338,2.1168962e-05,0.00014089793,2.0178966e-05,6.057322e-06
339,2.0873733e-05,0.000141122378,2.0288862e-05,5.861744e-06
340,2.113916e-05,0.000141045079,2.0230189e-05,5.939044e-06
341,2.0894222e-05,0.000141141936,2.0395033e-05,5.939044e-06
341,2.0894222e-05,0.000141141936,2.0395033e-05,5.983748e-06
341,2.0894222e-05,0.000141141936,2.0395033e-05,5.983748e-06
342,2.1182932e-05,0.000141083263,2.0254403e-05,6.050803e-06
343,2.0926818e-05,0.000141316094,2.0398758e-05,6.191432e-06
344,2.1039508e-05,0.000141044147,2.0143576e-05,5.993992e-06
345,2.0924024e-05,0.00014125742,2.0342879e-05,5.935319e-06
346,2.1161512e-05,0.000141188502,2.0152889e-05,5.920418e-06
347,2.1034852e-05,0.000141203403,2.0365231e-05,6.206334e-06
347,2.1034852e-05,0.000141203403,2.0365231e-05,6.206334e-06
348,2.0883046e-05,0.000141016208,2.0182692e-05,5.868264e-06
348,2.0883046e-05,0.000141016208,2.0182692e-05,5.868264e-06
349,2.1060929e-05,0.000141154043,2.0314008e-05,6.216578e-06
349,2.1060929e-05,0.000141154043,2.0314008e-05,6.216578e-06
350,2.0898879e-05,0.000141093507,2.0250678e-05,6.043352e-06
351,2.1005981e-05,0.000141068362,2.0476989e-05,6.19702e-06
352,2.0855106e-05,0.000140994787,2.021715e-05,5.988404e-06
353,2.104044e-05,0.000141135417,2.0359643e-05,6.290153e-06
354,2.0643696e-05,0.000141041353,2.0204112e-05,5.951151e-06
355,2.1197833e-05,0.000141307712,2.0380132e-05,6.446615e-06
356,2.0744279e-05,0.0001410814,2.0212494e-05,6.047077e-06
357,2.1031126e-05,0.0001410041,2.0204112e-05,6.235205e-06
358,2.0601787e-05,0.000141252764,2.0292588e-05,6.102957e-06
359,0.000238492154,0.000141026452,5.198643e-06,0.000218740664
360,-2.5930814e-05,0.000203981064,9.448268e-06,-8.45641e-07
361,-6.3236803e-05,8.5273758e-05,0.000161007978,4.2844564e-05
362,3.1840988e-05,0.000127633102,-3.680028e-05,-3.625825e-05
363,5.2625313e-05,0.000133797526,4.3000095e-05,1.9215047e-05
363,5.2625313e-05,0.000133797526,4.3000095e-05,1.9215047e-05
364,2.717413e-05,0.000108663924,1.9433908e-05,1.5969388e-05
365,2.2057444e-05,0.000163314864,1.9738451e-05,-1.4623627e-05
366,4.8760325e-05,0.000148631632,2.7164817e-05,2.7764589e-05
366,4.8760325e-05,0.000148631632,2.7164817e-05,2.7764589e-05
367,1.9518659e-05,0.000190378167,3.821217e-06,1.2824312e-05
368,2.1025538e-05,0.00017483253,3.0711293e-05,3.1618401e-05
369,4.6461821e-05,0.000134647824,4.8557296e-05,3.1618401e-05
370,5.0256029e-05,0.00016699452,1.1508353e-05,6.960705e-06
371,2.3386441e-05,0.000179258175,2.4926849e-05,6.049871e-06
372,2.1440908e-05,0.000179258175,2.4926849e-05,1.0628253e-05
373,5.0274655e-05,0.000194775872,0.00011026673,1.0628253e-05
374,3.9992854e-05,0.000194775872,0.00011026673,0.000127647072
375,1.1027791e-05,0.0001190193,1.7725863e-05,3.3847056e-05
376,2.2018328e-05,0.0001190193,1.7725863e-05,3.3847056e-05
377,6.009452e-05,0.000116659328,4.2209402e-05,5.1130541e-05
378,6.0399063e-05,0.000183411874,1.8704683e-05,6.8408437e-05
379,6.0399063e-05,0.000198230147,2.1065585e-05,5.2106567e-05
380,3.7007965e-05,0.000198230147,2.6042573e-05,2.9806048e-05
381,3.6970712e-05,0.000171999447,5.1814131e-05,3.8051978e-05
382,4.5951456e-05,0.000173022971,3.8858503e-05,3.6383048e-05
383,4.4218265e-05,0.000163235702,3.4526922e-05,4.0932558e-05
384,4.0431507e-05,0.000162003562,4.029274e-05,3.5703182e-05
385,4.8195943e-05,0.000170150772,4.0296465e-05,3.5747886e-05
387,4.120823e-05,0.000174134038,5.4107048e-05,4.1072257e-05
388,4.4725835e-05,0.000173374079,4.683435e-05,4.0345825e-05
389,4.5888126e-05,0.000176998787,3.8777478e-05,3.7755817e-05
390,4.1875988e-05,0.000176243484,3.9396808e-05,3.7755817e-05
392,4.3668784e-05,0.000176510774,4.1811727e-05,3.8339756e-05
393,4.2311847e-05,0.000173516572,4.2277388e-05,3.8783066e-05
394,4.2163767e-05,0.000172147527,4.3180771e-05,3.8596801e-05
395,4.3852255e-05,0.000172147527,4.3180771e-05,3.8596801e-05
397,4.3505803e-05,0.000175193883,4.3036416e-05,3.8826838e-05
398,4.3505803e-05,0.000174887478,4.4568442e-05,3.8261525e-05
399,4.2783096e-05,0.000174887478,4.3657608e-05,3.7987716e-05
402,4.3013133e-05,0.000175412744,4.2353757e-05,3.8521364e-05
404,4.4249929e-05,0.000173976645,4.2796135e-05,3.9242208e-05
405,4.757382e-05,0.000174849294,4.2166561e-05,3.9134175e-05
406,4.7425739e-05,0.000167662278,4.021544e-05,3.9134175e-05
407,4.0108338e-05,0.000165701844,3.0741096e-05,2.7092174e-05
409,2.4570152e-05,0.000160557218,2.9260293e-05,2.1604821e-05
411,1.8309802e-05,0.000141744502,2.1447428e-05,5.876645e-06
413,2.1694228e-05,0.000142659061,1.8710271e-05,7.134862e-06
414,1.9351952e-05,0.000140934251,1.9941479e-05,5.725771e-06
415,2.0894222e-05,0.000139876269,2.0831823e-05,6.056391e-06
416,2.1738932e-05,0.000142276287,1.981575e-05,6.779097e-06
417,2.0111911e-05,0.000142105855,2.0395964e-05,7.103197e-06
418,2.0314939e-05,0.000141244382,1.9264407e-05,5.965121e-06
420,2.0708889e-05,0.000141105615,1.9666739e-05,5.990267e-06
422,2.1010637e-05,0.000141423196,2.009701e-05,6.446615e-06
423,2.0772219e-05,0.000142103992,2.0093285e-05,6.537884e-06
425,2.0869076e-05,0.000141163357,1.9969419e-05,6.283633e-06
426,2.0633452e-05,0.000141159631,1.9978732e-05,6.017275e-06
428,2.0627864e-05,0.000141139142,2.0546839e-05,6.339513e-06
430,2.0861626e-05,0.000141079538,1.9936822e-05,6.224029e-06
431,2.0861626e-05,0.000141040422,2.011098e-05,6.224029e-06
432,2.09352e-05,0.000141240656,2.0133331e-05,6.031245e-06
434,2.0682812e-05,0.000141360797,2.0067208e-05,6.037764e-06
436,2.0932406e-05,0.000141155906,1.9762665e-05,6.068498e-06
437,2.1143816e-05,0.000141189434,1.98856e-05,6.205402e-06
439,2.1046959e-05,0.00014144741,1.9960105e-05,6.16163e-06
441,2.0896085e-05,0.000141259283,1.9963831e-05,6.106682e-06
443,2.1071173e-05,0.000140893273,2.003368e-05,5.814247e-06
444,2.1127053e-05,0.00014125742,2.0378269e-05,6.31623e-06
445,2.0875596e-05,0.000141170807,2.0276755e-05,6.104819e-06
446,2.0988286e-05,0.000141170807,2.0206906e-05,6.286427e-06
448,2.0862557e-05,0.000141068362,2.0229258e-05,6.185845e-06
449,2.1108426e-05,0.000141068362,2.0229258e-05,6.185845e-06
450,2.0972453e-05,0.000141071156,2.0189211e-05,5.987473e-06
451,2.0743348e-05,0.000141367316,2.0162202e-05,6.018206e-06
452,2.1112151e-05,0.00014120061,1.9953586e-05,6.15418e-06
453,2.0973384e-05,0.00014120061,1.9953586e-05,6.15418e-06
454,2.1032989e-05,0.000141177326,1.9881874e-05,6.102957e-06
455,2.1112151e-05,0.00014130678,2.0042062e-05,6.03497e-06
456,2.0887703e-05,0.00014130678,2.0042062e-05,6.03497e-06
457,2.0698644e-05,0.000141268596,2.0059757e-05,6.121583e-06
458,2.0912848e-05,0.000141455792,2.0059757e-05,6.121583e-06
459,2.0804815e-05,0.000141163357,2.0018779e-05,6.180257e-06
460,2.0912848e-05,0.000141178258,1.9980595e-05,6.319955e-06
461,2.0735897e-05,0.000141448341,1.9916333e-05,6.333925e-06
462,2.0943582e-05,0.00014122203,1.9916333e-05,6.333925e-06
463,2.0774081e-05,0.000141559169,2.0106323e-05,6.221235e-06
465,2.0840205e-05,0.000141531229,2.016034e-05,6.262213e-06
466,2.0923093e-05,0.000141282566,2.016034e-05,6.262213e-06
467,2.0769425e-05,0.000141430646,2.0081177e-05,6.305985e-06
467,2.0769425e-05,0.000141430646,2.0081177e-05,6.305985e-06
468,2.0761974e-05,0.000141311437,1.9860454e-05,6.204471e-06
469,2.070237e-05,0.0001415601,2.0027161e-05,6.328337e-06
470,2.0770356e-05,0.000141248107,2.0026229e-05,6.328337e-06
471,2.0909123e-05,0.000141430646,2.0006672e-05,6.532297e-06
472,2.0750798e-05,0.000141304918,2.0006672e-05,6.532297e-06
473,2.0694919e-05,0.000141426921,2.0015053e-05,6.437302e-06
474,2.0768493e-05,0.000141301192,1.9969419e-05,6.264076e-06
475,2.0768493e-05,0.000141385943,2.0144507e-05,6.528571e-06
476,2.0838343e-05,0.000141274184,2.0190142e-05,6.528571e-06
479,-3.3214688e-05,0.000112289563,-1.5784055e-05,-3.8661994e-05
480,-2.1304004e-05,5.6566671e-05,1.0199845e-05,7.4103475e-05
481,2.6431866e-05,5.6566671e-05,1.0199845e-05,7.5702555e-05
482,5.7698227e-05,9.4509684e-05,4.6723522e-05,5.3339638e-05
483,3.6838464e-05,9.49651e-05,4.6723522e-05,5.3339638e-05
485,3.9131381e-05,0.000130220316,2.035778e-05,1.4603138e-05
486,4.8526563e-05,0.000169104896,1.3058074e-05,3.9811246e-05
487,2.4090521e-05,0.000169514678,1.3058074e-05,3.9811246e-05
488,3.4551136e-05,0.00014943257,5.9648417e-05,4.781317e-05
489,4.7014095e-05,0.000159954652,4.4948421e-05,4.5076013e-05
490,3.5014935e-05,0.000165389851,5.3465366e-05,3.9026141e-05
492,4.8880465e-05,0.000159873627,4.4913031e-05,3.970135e-05
493,4.616566e-05,0.000177931041,5.6422316e-05,4.6213157e-05
494,3.8120896e-05,0.000177627429,4.8849732e-05,3.5344623e-05
495,3.8787723e-05,0.000167555176,4.6364032e-05,3.4688972e-05
496,4.6146102e-05,0.000167555176,4.7873706e-05,3.8454309e-05
496,4.6146102e-05,0.000167893246,4.7873706e-05,3.8454309e-05
498,3.9593317e-05,0.000175269321,4.3418258e-05,3.4071505e-05
499,3.7917867e-05,0.000166193582,4.3418258e-05,3.4071505e-05
500,4.5786612e-05,0.000166190788,4.6428293e-05,3.9241277e-05
501,4.4885091e-05,0.000176738016,4.365854e-05,4.1080639e-05
502,3.9703213e-05,0.000173671171,4.7220849e-05,3.9493665e-05
503,4.1254796e-05,0.000168244354,4.7548674e-05,3.6180019e-05
504,4.465878e-05,0.000171426684,4.705321e-05,3.8649887e-05
505,4.2126514e-05,0.000173993409,4.5973808e-05,3.8641505e-05
506,4.1037798e-05,0.000169570558,4.8753805e-05,3.7789345e-05
507,4.3338165e-05,0.000169888139,4.6590343e-05,3.7673861e-05
508,4.3652952e-05,0.000173645094,4.6288595e-05,3.8168393e-05
509,4.0695071e-05,0.000171639957,4.6720728e-05,3.7136488e-05
509,4.0695071e-05,0.000171639957,4.6720728e-05,3.7136488e-05
510,4.2854808e-05,0.000169375911,4.7544017e-05,3.7840568e-05
511,4.3503009e-05,0.000172443688,4.6932139e-05,3.8782135e-05
512,4.220847e-05,0.000172950327,4.6095811e-05,3.7448481e-05
513,4.0203333e-05,0.000170457177,4.6810135e-05,3.626477e-05
516,4.1996129e-05,0.000173154287,4.6654604e-05,3.8124621e-05
517,4.1254796e-05,0.000173154287,4.6941452e-05,3.8124621e-05
518,4.297588e-05,0.000170908868,4.677102e-05,3.7914142e-05
519,4.301127e-05,0.000172227621,4.6697445e-05,3.8689934e-05
520,4.1589141e-05,0.000171573833,4.7381036e-05,3.8191676e-05
521,4.8469752e-05,0.000170986168,4.7381036e-05,3.8191676e-05
522,4.4614077e-05,0.000171195716,4.4065528e-05,4.4994988e-05
523,4.252512e-05,0.000170885585,2.7419068e-05,2.6475638e-05
525,2.8312206e-05,0.000157575123,2.720952e-05,1.1641532e-05
527,1.9933097e-05,0.00014651753,1.9058585e-05,1.2022443e-05
528,1.857616e-05,0.000137227587,2.3606233e-05,4.637986e-06
529,2.4853274e-05,0.000140783377,1.9586645e-05,6.204471e-06
530,2.012495e-05,0.00014474988,1.9586645e-05,6.204471e-06
531,2.0012259e-05,0.000140051357,2.0796433e-05,5.780719e-06
533,2.2266991e-05,0.000141322613,1.9947998e-05,6.860122e-06
534,1.9999221e-05,0.000140090473,1.9947998e-05,6.860122e-06
535,2.1556392e-05,0.000139913522,2.0398758e-05,5.7742e-06
536,2.1560118e-05,0.000141877681,2.0570122e-05,6.727874e-06
537,2.09352e-05,0.000141695142,1.9561499e-05,5.720183e-06
539,2.2164546e-05,0.000139938667,1.9900501e-05,6.227754e-06
540,2.1757558e-05,0.000141312368,2.0711683e-05,6.395392e-06
541,2.1005981e-05,0.0001411587,2.0739622e-05,5.7742e-06
542,2.0901673e-05,0.000140742399,2.0739622e-05,5.7742e-06
543,2.0901673e-05,0.000140730292,2.0292588e-05,6.072223e-06
544,2.1205284e-05,0.000140734948,2.0102598e-05,6.054528e-06
545,2.1562912e-05,0.000140255317,2.0102598e-05,6.054528e-06
546,2.1494925e-05,0.000140764751,2.0451844e-05,6.023794e-06
547,2.1101907e-05,0.000141108409,2.0369887e-05,5.668961e-06
548,2.1246262e-05,0.000141108409,2.035778e-05,5.668961e-06
550,2.1481887e-05,0.000140761957,2.0098872e-05,5.765818e-06
551,2.1345913e-05,0.00014069397,2.0417385e-05,5.8515e-06
553,2.1191314e-05,0.000141225755,2.0319596e-05,5.828217e-06
554,2.1571293e-05,0.0001408346,2.0185485e-05,5.916692e-06
556,2.1657906e-05,0.000140585937,2.0007603e-05,5.684793e-06
557,2.1371059e-05,0.00014084205,2.0455569e-05,5.695969e-06
558,2.1622516e-05,0.000140960328,2.0452775e-05,6.075948e-06
559,2.1132641e-05,0.000140865333,2.0452775e-05,5.907379e-06
560,2.1507964e-05,0.000140593387,2.064649e-05,5.757436e-06
561,2.1320768e-05,0.000140700489,2.0348467e-05,5.881302e-06
562,2.1516345e-05,0.000140612945,2.0476058e-05,5.840324e-06
563,2.1387823e-05,0.000140758231,2.0509586e-05,5.680136e-06
564,2.1559186e-05,0.000140824355,2.040714e-05,5.680136e-06
565,2.1262094e-05,0.0001410041,2.0269305e-05,5.817041e-06
566,2.1487474e-05,0.000140585937,2.0221807e-05,5.817041e-06
568,2.1572225e-05,0.000140772201,2.0252541e-05,5.980954e-06
569,2.1380372e-05,0.000140856951,2.0536594e-05,5.860813e-06
570,2.152659e-05,0.000140804797,2.0244159e-05,5.695038e-06
571,2.1291897e-05,0.000140829943,2.0380132e-05,6.006099e-06
572,2.1457672e-05,0.000140693039,2.0291656e-05,5.748123e-06
574,2.1224841e-05,0.000140661374,2.0511448e-05,5.967915e-06
575,2.1410175e-05,0.000140805729,2.0503066e-05,5.945563e-06
577,2.1375716e-05,0.000140833668,2.0247884e-05,6.11227e-06
578,2.1195039e-05,0.000140808523,2.0344742e-05,6.11227e-06
579,2.1437183e-05,0.000140808523,2.0307489e-05,6.046146e-06
580,2.1161512e-05,0.000140675344,2.0307489e-05,5.73229e-06
580,2.1161512e-05,0.000140675344,2.0307489e-05,5.73229e-06
582,2.1101907e-05,0.000140979886,2.0278618e-05,5.829148e-06
583,2.1548942e-05,0.000140681863,2.0250678e-05,5.829148e-06
584,2.1168962e-05,0.00014093332,2.0483509e-05,5.798414e-06
585,2.1464191e-05,0.000140693039,2.0483509e-05,5.798414e-06
587,2.1437183e-05,0.000140722841,2.0304695e-05,5.956739e-06
587,2.1437183e-05,0.000140722841,2.0304695e-05,5.956739e-06
588,2.1180138e-05,0.000140923075,2.0591542e-05,6.069429e-06
589,2.1391548e-05,0.000140635297,2.0337291e-05,6.073155e-06
590,0.000121074729,0.000140922144,2.0570122e-05,-2.951175e-05
591,2.4745241e-05,0.000408592634,1.2602657e-05,1.0251999e-05
592,-1.7151237e-05,0.00025879126,7.924065e-05,7.8400597e-05
593,2.4319626e-05,0.000147026032,1.8233433e-05,4.094094e-06
594,4.7495589e-05,0.000152808614,8.805003e-05,-3.432855e-06
595,3.9519742e-05,0.000134990551,-2.2205524e-05,6.5508299e-05
596,2.5268644e-05,0.000175854191,1.2049451e-05,2.6609749e-05
597,2.408959e-05,0.000134470873,1.2049451e-05,2.6609749e-05
598,4.8006885e-05,0.000169299543,2.3348257e-05,2.9411167e-05
600,3.5333447e-05,0.000142710283,4.2201951e-05,2.5152229e-05
601,5.7850964e-05,0.000180941075,5.3131953e-05,4.1209161e-05
602,4.8941001e-05,0.000174311921,3.6923215e-05,2.8417446e-05
603,3.7517399e-05,0.000168450177,3.5858713e-05,3.2513402e-05
604,3.7517399e-05,0.000168464147,4.4121407e-05,3.2513402e-05
605,5.3680502e-05,0.000168464147,4.6405941e-05,3.7791207e-05
607,3.7872232e-05,0.000178934075,3.8517639e-05,3.6833808e-05
608,4.274305e-05,0.00016749464,4.4733286e-05,3.4364872e-05
610,5.0938688e-05,0.000183461234,4.2277388e-05,4.0550716e-05
611,4.1178428e-05,0.000174496323,4.3506734e-05,3.3537857e-05
611,4.1178428e-05,0.000174496323,4.3506734e-05,3.3537857e-05
612,4.3674372e-05,0.000170003623,4.2832457e-05,3.3083372e-05
613,4.8948452e-05,0.000175461173,4.2832457e-05,3.8138591e-05
614,4.8589893e-05,0.000175461173,3.9768405e-05,3.6235899e-05
615,4.2645261e-05,0.00017586071,4.0899031e-05,3.5911798e-05
616,4.6261586e-05,0.000173223205,4.2937696e-05,3.5383739e-05
616,4.6261586e-05,0.000173223205,4.2937696e-05,3.5383739e-05
617,4.7180802e-05,0.000176030211,3.9242208e-05,3.5196543e-05
618,4.413072e-05,0.00017606467,4.1250139e-05,3.6297366e-05
619,4.4719316e-05,0.000172386877,4.2593107e-05,3.6353245e-05
621,4.6042725e-05,0.000177251175,3.9904378e-05,3.7007034e-05
622,4.3636188e-05,0.000173751265,4.1020103e-05,3.6901794e-05
623,4.7171488e-05,0.000173089094,4.0499493e-05,3.7317164e-05
624,4.741922e-05,0.000176706351,4.2645261e-05,3.7317164e-05
627,4.69964e-05,0.000174669549,4.1284598e-05,3.6220066e-05
630,4.5276247e-05,0.000174659304,4.1220337e-05,3.5973266e-05
631,5.1530078e-05,0.000181470998,4.6525151e-05,3.7713908e-05
633,5.0905161e-05,0.00018804986,4.3596141e-05,2.9904768e-05
634,3.6508776e-05,0.000176086091,2.860371e-05,1.9041821e-05
635,2.6840717e-05,0.000157250091,2.7219765e-05,2.1205284e-05
635,2.6840717e-05,0.000157250091,2.7219765e-05,2.1205284e-05
636,2.6190653e-05,0.000148836523,2.2327527e-05,8.901581e-06
637,2.506189e-05,0.000149654225,1.480151e-05,7.926486e-06
638,1.6450882e-05,0.000143078156,2.0853244e-05,7.526018e-06
639,2.1110289e-05,0.000138545409,1.9670464e-05,6.613322e-06
641,1.9278377e-05,0.000143914483,2.156198e-05,6.534159e-06
642,2.0654872e-05,0.000140197575,2.1165237e-05,5.884096e-06
643,2.1490268e-05,0.00014142599,1.9572675e-05,7.303432e-06
644,2.0530075e-05,0.000142051838,2.0601787e-05,6.849878e-06
645,1.9999221e-05,0.000139798038,1.9731e-05,5.254522e-06
646,2.116058e-05,0.000140653923,2.0121224e-05,6.600283e-06
647,2.1183863e-05,0.000142072327,2.0377338e-05,6.77444e-06
648,2.0714477e-05,0.000141680241,1.9897707e-05,5.980954e-06
649,2.0384789e-05,0.000140356831,1.9611791e-05,5.755574e-06
650,2.1853484e-05,0.000141371042,1.9873492e-05,6.785616e-06
651,2.1853484e-05,0.000141652301,1.9471161e-05,6.785616e-06
652,2.0629726e-05,0.000141118653,2.0400621e-05,5.880371e-06
653,2.0858832e-05,0.000141223893,2.0163134e-05,5.941838e-06
654,2.0965002e-05,0.000141126104,2.0246953e-05,6.195158e-06
655,2.0754524e-05,0.00014120061,2.0334497e-05,6.423332e-06
656,2.1357089e-05,0.000141162425,2.0178966e-05,6.298535e-06
658,2.0872802e-05,0.000141423196,2.0389445e-05,6.348826e-06
659,2.1009706e-05,0.000141169876,2.0389445e-05,6.437302e-06
659,2.1009706e-05,0.000141303055,2.0178035e-05,6.437302e-06
660,2.0815991e-05,0.000141216442,2.0311214e-05,6.032176e-06
662,2.1168962e-05,0.000140734948,2.0023435e-05,5.713664e-06
663,2.0953827e-05,0.000141610391,2.0023435e-05,5.713664e-06
664,2.1171756e-05,0.000141480938,1.9959174e-05,6.095506e-06
666,2.0936131e-05,0.000141386874,1.9862317e-05,5.62612e-06
667,2.1205284e-05,0.00014120806,1.9862317e-05,6.099232e-06
668,2.123788e-05,0.00014128536,1.9789673e-05,6.099232e-06
669,2.0964071e-05,0.000141666271,2.0303763e-05,5.954877e-06
670,2.1045096e-05,0.000141330063,1.9897707e-05,6.099232e-06
671,2.1100976e-05,0.000141301192,2.030842e-05,6.374903e-06
672,2.09352e-05,0.000141089782,2.0137988e-05,5.957671e-06
673,2.1206215e-05,0.000141017139,2.0241365e-05,6.276183e-06
674,2.0775944e-05,0.000141179189,2.0078383e-05,6.021e-06
675,2.0942651e-05,0.000141181052,2.0472333e-05,6.078742e-06
676,2.0887703e-05,0.000141120516,2.0074658e-05,6.078742e-06
678,2.1073036e-05,0.000141484663,2.0084903e-05,6.017275e-06
679,2.1029264e-05,0.00014110934,2.0248815e-05,6.195158e-06
680,2.0956621e-05,0.000141296536,2.0248815e-05,5.946495e-06
681,2.0995736e-05,0.000141237862,1.9996427e-05,6.064773e-06
683,2.0886771e-05,0.000141079538,2.0188279e-05,6.086193e-06
684,2.097711e-05,0.000141308643,2.0137988e-05,6.086193e-06
684,2.097711e-05,0.000141308643,2.0137988e-05,6.086193e-06
685,2.0905398e-05,0.000141127035,2.0058826e-05,6.249174e-06
686,2.0872802e-05,0.000141473487,2.0087697e-05,6.121583e-06
686,2.0872802e-05,0.000141473487,2.0087697e-05,6.121583e-06
687,2.0956621e-05,0.000141226687,2.0051375e-05,6.155111e-06
688,2.0910054e-05,0.000141330063,1.995638e-05,6.153248e-06
688,2.0910054e-05,0.000141330063,1.995638e-05,6.153248e-06
689,2.0883977e-05,0.000141274184,1.9900501e-05,6.153248e-06
690,2.0934269e-05,0.000141195953,2.0178966e-05,6.208196e-06
692,2.108328e-05,0.000141503289,2.0241365e-05,6.247312e-06
693,2.0897947e-05,0.000141113065,1.989305e-05,6.035902e-06
694,2.0854175e-05,0.000141439959,2.0175241e-05,6.035902e-06
696,2.1020882e-05,0.000141377561,2.0134263e-05,6.312504e-06
697,2.0823441e-05,0.000141367316,2.0022504e-05,6.179325e-06
698,2.1099113e-05,0.000141378492,2.0251609e-05,6.170943e-06
698,2.1099113e-05,0.000141378492,2.0251609e-05,6.170943e-06
699,2.0764768e-05,0.000141229481,1.9955449e-05,6.021e-06
700,2.1038577e-05,0.000141340308,2.016779e-05,6.021e-06
701,2.0743348e-05,0.000141371973,2.0034611e-05,6.200746e-06
702,6.5647066e-05,0.000141608529,4.8097223e-05,6.200746e-06
703,5.4301694e-05,0.000159217976,5.1210634e-05,-4.0869229e-05
704,3.8649887e-05,0.000116552226,8.000061e-06,-1.372769e-06
705,3.0747615e-05,8.7946653e-05,1.7347746e-05,2.9374845e-05
706,3.8316473e-05,0.000163722783,2.6797876e-05,2.9374845e-05
707,3.3149496e-05,0.000189942308,4.478544e-05,-1.5598722e-05
708,3.4616329e-05,0.000180376694,-5.983748e-06,5.641021e-06
709,8.258969e-06,0.000146935694,3.7250109e-05,1.547765e-05
711,2.4263747e-05,0.000150162727,1.8650666e-05,1.896359e-05
712,2.0699576e-05,0.000143220648,4.456751e-05,2.6304275e-05
712,2.0699576e-05,0.000143220648,4.456751e-05,2.6304275e-05
714,3.9168634e-05,0.000170538202,2.3305416e-05,2.2917986e-05
715,2.4022534e-05,0.000157913193,2.3305416e-05,1.7367303e-05
716,2.7817674e-05,0.000158051029,4.5254827e-05,1.584366e-05
717,4.72432e-05,0.000169758685,4.5162626e-05,3.6056153e-05
717,4.72432e-05,0.000169758685,4.5162626e-05,3.6056153e-05
718,3.8283877e-05,0.000181001611,3.4538098e-05,3.0893832e-05
719,3.7432648e-05,0.000167528167,3.6399812e-05,3.9364211e-05
720,3.896188e-05,0.000158315524,3.9930455e-05,3.0647963e-05
721,5.7294965e-05,0.000176363625,3.656745e-05,4.1471794e-05
722,4.9514696e-05,0.000182305463,3.6022626e-05,3.944803e-05
723,3.8031489e-05,0.000175258145,4.5429915e-05,3.7883408e-05
724,3.8031489e-05,0.00015751645,4.1267835e-05,3.1848438e-05
725,5.5546872e-05,0.000173019245,4.0917657e-05,3.1848438e-05
726,5.0690956e-05,0.000180269592,4.0917657e-05,3.9823353e-05
727,4.1099265e-05,0.000177618116,4.3749809e-05,3.6194921e-05
728,4.4873916e-05,0.000169476494,4.367996e-05,3.6194921e-05
729,4.948955e-05,0.000175970607,3.8085505e-05,3.6277808e-05
730,4.7136098e-05,0.000177541748,3.9122999e-05,3.7498772e-05
731,4.7136098e-05,0.000172099099,4.1713938e-05,3.7498772e-05
732,4.8065558e-05,0.000173891895,4.1017309e-05,3.5909936e-05
733,4.6725385e-05,0.000176600181,4.1017309e-05,3.67295e-05
734,4.4333749e-05,0.000174147077,4.1008927e-05,3.6594458e-05
735,4.7096983e-05,0.000170707703,4.0848739e-05,3.7373044e-05
737,4.6046451e-05,0.00017624069,3.9409846e-05,3.6256388e-05
738,4.4345856e-05,0.000173253007,4.2196363e-05,3.5665929e-05
739,4.7467649e-05,0.000172425061,4.0988438e-05,3.7155114e-05
741,4.5808963e-05,0.000175904483,3.9989129e-05,3.8653612e-05
742,4.4845045e-05,0.000172713771,4.068017e-05,3.556069e-05
744,4.8531219e-05,0.00017557852,4.064478e-05,3.6790036e-05
745,4.5735389e-05,0.000175378285,4.064478e-05,3.7038699e-05
746,4.5444816e-05,0.000172772445,4.0928833e-05,3.7038699e-05
747,4.7817826e-05,0.000173573382,4.0509738e-05,3.6782585e-05
747,4.7817826e-05,0.000173573382,4.0509738e-05,3.6782585e-05
748,4.7488138e-05,0.000173573382,4.0509738e-05,3.751833e-05
749,4.5846216e-05,0.00017521251,4.0628016e-05,3.6749057e-05
750,4.6315603e-05,0.000173631124,4.0845014e-05,3.6658719e-05
751,4.7026202e-05,0.00017447304,4.0197745e-05,3.6901794e-05
753,5.2547082e-05,0.000175738707,3.7352555e-05,4.6722591e-05
753,5.2547082e-05,0.000175738707,3.7352555e-05,4.6722591e-05
754,4.5015477e-05,0.000173241831,2.9833987e-05,4.6722591e-05
755,3.386382e-05,0.000164675526,2.7770177e-05,2.1171756e-05
756,2.8442591e-05,0.000152173452,2.7707778e-05,2.1171756e-05
757,2.7707778e-05,0.000152173452,1.9696541e-05,9.969808e-06
758,2.0892359e-05,0.000147542916,1.9973144e-05,7.690862e-06
759,2.0892359e-05,0.000139092095,2.2965483e-05,7.690862e-06
760,2.2447668e-05,0.000139105134,2.0151027e-05,5.912967e-06
761,2.0755455e-05,0.000141952187,1.9757077e-05,6.694347e-06
762,2.029445e-05,0.000140209682,2.0522624e-05,6.694347e-06
763,2.1426007e-05,0.000140203163,1.9635074e-05,6.079674e-06
764,2.1205284e-05,0.000141251832,1.9730069e-05,6.079674e-06
765,2.0388514e-05,0.000141210854,2.0465814e-05,5.505979e-06
766,2.0337291e-05,0.000140420161,2.0117499e-05,5.688518e-06
766,2.0337291e-05,0.000140420161,2.0117499e-05,5.688518e-06
767,2.1622516e-05,0.000141670927,2.0606443e-05,6.84429e-06
768,2.1170825e-05,0.000141928904,1.9689091e-05,6.376766e-06
769,2.0373613e-05,0.000141315162,2.0117499e-05,6.047077e-06
769,2.0373613e-05,0.000141315162,2.0117499e-05,6.047077e-06
770,2.1164306e-05,0.000140586868,2.0291656e-05,6.079674e-06
771,2.1487474e-05,0.000141484663,2.050586e-05,6.746501e-06
772,2.0757318e-05,0.000141484663,2.0562671e-05,6.176531e-06
773,2.0769425e-05,0.000140801072,2.0327047e-05,6.176531e-06
774,2.094917e-05,0.000140709803,2.0246953e-05,5.973503e-06
775,2.1356158e-05,0.000140812248,2.0147301e-05,6.574206e-06
776,2.1275133e-05,0.000140907243,2.0378269e-05,6.391667e-06
777,2.1297485e-05,0.000140964054,2.027303e-05,6.201677e-06
777,2.1297485e-05,0.000140964054,2.027303e-05,6.201677e-06
778,2.0806678e-05,0.000141357072,2.0277686e-05,6.050803e-06
778,2.0806678e-05,0.000141357072,2.0277686e-05,6.050803e-06
779,2.0947307e-05,0.000141000375,2.034381e-05,6.16163e-06
780,2.1019951e-05,0.000141000375,2.0240434e-05,6.228685e-06
781,2.1099113e-05,0.000141188502,2.0240434e-05,6.31623e-06
781,2.1099113e-05,0.000141188502,2.0259991e-05,6.31623e-06
782,2.0978972e-05,0.000141026452,2.0595267e-05,5.668961e-06
782,2.0978972e-05,0.000141026452,2.0595267e-05,5.668961e-06
783,2.1168031e-05,0.000141097233,2.0232983e-05,5.967915e-06
784,2.1193177e-05,0.000141381286,2.0476989e-05,6.086193e-06
785,2.1419488e-05,0.000141056255,1.9985251e-05,6.190501e-06
786,2.116058e-05,0.000141473487,2.0059757e-05,5.873851e-06
786,2.116058e-05,0.000141473487,2.0059757e-05,5.873851e-06
786,2.116058e-05,0.000141473487,2.0059757e-05,5.873851e-06
789,2.1208078e-05,0.000141112134,2.0203181e-05,6.069429e-06
789,2.1208078e-05,0.000141112134,2.0203181e-05,6.069429e-06
790,2.1114014e-05,0.000141057186,2.039317e-05,6.123446e-06
791,2.1305867e-05,0.000140948221,2.039317e-05,6.047077e-06
792,2.112519e-05,0.000141173601,2.0494685e-05,6.087124e-06
793,2.1196902e-05,0.000141173601,2.0398758e-05,6.143004e-06
794,2.1283515e-05,0.000140850432,2.0536594e-05,6.142072e-06
795,2.1130778e-05,0.000140788965,2.0354986e-05,6.11227e-06
796,2.1078624e-05,0.000140929595,2.0372681e-05,6.049871e-06
796,2.1078624e-05,0.000140929595,2.0372681e-05,6.049871e-06
797,2.1039508e-05,0.000140909106,2.0372681e-05,6.008893e-06
797,2.1039508e-05,0.000140909106,2.0372681e-05,6.008893e-06
798,2.1339394e-05,0.000141261145,2.0317733e-05,6.07688e-06
798,2.1339394e-05,0.000141261145,2.0317733e-05,6.07688e-06
799,2.1059997e-05,0.000141048804,2.0186417e-05,5.9288e-06
800,2.1176413e-05,0.000141048804,2.0310283e-05,6.03497e-06
801,2.1142885e-05,0.000141013414,2.0026229e-05,6.03497e-06
802,2.1222979e-05,0.000141037628,2.0192936e-05,6.054528e-06
802,2.1222979e-05,0.000141037628,2.0192936e-05,6.054528e-06
803,2.0942651e-05,0.000141037628,2.0246953e-05,6.054528e-06
804,2.1024607e-05,0.000141133554,2.0246953e-05,6.106682e-06
805,2.1024607e-05,0.000140876509,2.0222738e-05,6.083399e-06
806,2.1197833e-05,0.000140871853,2.012495e-05,6.237999e-06
807,2.0906329e-05,0.000141150318,2.0314008e-05,6.237999e-06
808,2.1080486e-05,0.000140948221,2.0177104e-05,6.080605e-06
809,2.1024607e-05,0.000141071156,2.0221807e-05,6.080605e-06
810,2.1108426e-05,0.000141019002,2.004765e-05,6.075017e-06
811,2.092123e-05,0.000141327269,2.0232983e-05,6.223097e-06
812,2.1158718e-05,0.000141154043,2.0248815e-05,6.063841e-06
813,2.09352e-05,0.000141340308,2.0409934e-05,6.063841e-06
814,2.1063723e-05,0.000141142868,2.0163134e-05,6.179325e-06
815,0.000142668374,0.000141501427,2.0683743e-05,-3.261026e-05
816,8.554198e-06,0.000410077162,5.1039271e-05,3.1993724e-05
817,2.6093796e-05,0.000302250497,0.000137098134,3.3787452e-05
818,4.9303286e-05,0.000302250497,0.000137098134,2.5021844e-05
818,4.9303286e-05,0.000237872824,-1.064688e-05,2.5021844e-05
819,2.9081479e-05,0.000188319013,4.0818937e-05,2.5021844e-05
820,-9.327196e-06,0.000184825622,6.8889e-05,3.73181e-06
821,5.6658871e-05,0.000177473761,5.1268376e-05,2.7201138e-05
822,4.826114e-06,0.000128959306,5.4401346e-05,3.8672239e-05
823,4.0551648e-05,0.000140421093,4.982762e-05,3.6832877e-05
824,3.5427511e-05,0.000125798397,4.042685e-05,2.0601787e-05
824,3.5427511e-05,0.000125798397,4.042685e-05,2.0601787e-05
825,2.802629e-05,0.000150408596,4.4793822e-05,2.7957372e-05
826,5.3855591e-05,0.000156251714,3.1919219e-05,1.2818724e-05
827,3.5810284e-05,0.000180094503,4.7910027e-05,2.083648e-05
828,2.7491711e-05,0.000168260187,4.8549846e-05,1.711864e-05
829,3.8150698e-05,0.000167412683,5.8628619e-05,1.711864e-05
830,5.1549636e-05,0.000168194063,4.7556125e-05,4.7462061e-05
831,4.8110262e-05,0.000173908658,3.9829873e-05,3.736373e-05
832,4.4607557e-05,0.000175981782,3.5833567e-05,3.4903176e-05
833,3.9012171e-05,0.000167775899,4.7552399e-05,3.0210242e-05
835,4.9604103e-05,0.000169361942,4.5488589e-05,3.9061531e-05
836,4.3691136e-05,0.000179572962,4.9528666e-05,3.6552548e-05
837,4.1782856e-05,0.000166609883,4.2749569e-05,2.8234906e-05
838,4.7847629e-05,0.000170764513,4.4790097e-05,2.8234906e-05
839,4.9803406e-05,0.000178933144,4.3825246e-05,3.5650097e-05
841,4.389137e-05,0.000171042047,4.6797097e-05,3.4833327e-05
842,4.5429915e-05,0.00017206464,4.3591484e-05,3.2887794e-05
843,4.4836663e-05,0.000172942877,4.2885542e-05,3.4511089e-05
844,4.5146793e-05,0.000171851367,4.6850182e-05,3.6016107e-05
845,4.6364963e-05,0.000173710287,4.5676716e-05,3.6016107e-05
846,4.5695342e-05,0.000174950808,4.4318847e-05,3.4797005e-05
847,4.3639913e-05,0.000173093751,4.4642948e-05,3.4396537e-05
848,4.6717003e-05,0.000171938911,4.4624321e-05,3.5598874e-05
849,4.6914443e-05,0.000175575726,4.4537708e-05,3.5896897e-05
850,4.4145621e-05,0.000175375491,4.4284388e-05,3.394112e-05
851,4.3605454e-05,0.00017160736,4.5044348e-05,3.3649616e-05
852,4.670769e-05,0.000172556378,4.4782646e-05,3.4989789e-05
853,4.6960078e-05,0.000174776651,4.3773092e-05,3.4989789e-05
854,4.5181252e-05,0.000174647197,4.5059249e-05,3.6217272e-05
855,4.419405e-05,0.00017309282,4.5016408e-05,3.3918768e-05
856,4.5154244e-05,0.000171924941,4.4558197e-05,3.4407713e-05
857,4.6176836e-05,0.000173626468,4.5465305e-05,3.5802834e-05
858,4.507415e-05,0.000173873268,4.4552609e-05,3.5259873e-05
859,4.4788234e-05,0.000173275359,4.4866465e-05,3.4654513e-05
859,4.4788234e-05,0.000173275359,4.4866465e-05,3.4654513e-05
860,4.648231e-05,0.000174944289,4.5788474e-05,2.9549003e-05
861,4.4784509e-05,0.000181663781,2.547726e-05,2.6426278e-05
862,3.4230761e-05,0.000174402259,2.385024e-05,1.6321428e-05
863,2.4619512e-05,0.000151196495,3.3720396e-05,1.5552156e-05
863,2.4619512e-05,0.000151196495,3.3720396e-05,1.5552156e-05
863,2.4619512e-05,0.000151196495,3.3720396e-05,1.5552156e-05
864,3.0867755e-05,0.000144485384,1.7377548e-05,7.495284e-06
865,2.3177825e-05,0.00014906656,1.635775e-05,9.115785e-06
866,1.8113293e-05,0.00014333427,2.2627413e-05,5.361624e-06
867,2.157595e-05,0.000137244351,2.0444393e-05,3.772788e-06
868,2.2819266e-05,0.000137244351,2.0753592e-05,7.968396e-06
869,1.9648112e-05,0.000141277909,2.1624379e-05,6.37956e-06
870,2.0052306e-05,0.00013888441,1.9446947e-05,5.480833e-06
871,2.2191554e-05,0.000139974058,1.9452535e-05,6.195158e-06
872,2.08579e-05,0.000141057186,2.017431e-05,6.911345e-06
873,2.0214356e-05,0.00014036987,2.0513311e-05,4.715286e-06
874,2.107583e-05,0.000139820389,2.0957552e-05,4.715286e-06
875,2.2069551e-05,0.000142442062,2.0595267e-05,6.712973e-06
876,1.9906089e-05,0.000141505152,1.936499e-05,5.831011e-06
877,2.0903535e-05,0.000139448792,2.0230189e-05,5.829148e-06
878,2.1578744e-05,0.000140661374,2.0230189e-05,5.82356e-06
878,2.1578744e-05,0.000140661374,2.0230189e-05,5.82356e-06
879,2.1230429e-05,0.000141713768,2.0743348e-05,6.334856e-06
880,2.0827167e-05,0.00014124997,2.0873733e-05,5.85895e-06
882,2.1087006e-05,0.000140882097,2.0433217e-05,6.301329e-06
883,2.1132641e-05,0.000140520744,2.0073727e-05,5.880371e-06
884,2.1284446e-05,0.000141141936,2.0363368e-05,6.003305e-06
885,2.1189451e-05,0.00014110934,2.0624138e-05,5.853362e-06
886,2.1189451e-05,0.000141103752,2.0558946e-05,5.853362e-06
886,2.0901673e-05,0.000141103752,2.0558946e-05,5.853362e-06
887,2.1136366e-05,0.00014084857,2.0502135e-05,6.001443e-06
888,2.1327287e-05,0.000141152181,2.0271167e-05,6.0983e-06
889,2.1099113e-05,0.000140682794,2.0071864e-05,5.946495e-06
890,2.1337532e-05,0.000141008757,2.0621344e-05,5.776063e-06
890,2.1337532e-05,0.000141008757,2.0621344e-05,5.776063e-06
891,2.1224841e-05,0.000140971504,2.0274892e-05,5.776063e-06
892,2.1293759e-05,0.000141268596,2.0274892e-05,5.935319e-06
892,2.1293759e-05,0.000141268596,2.0761043e-05,5.935319e-06
893,2.1390617e-05,0.000140979886,2.0273961e-05,5.836599e-06
894,2.1114014e-05,0.000141118653,2.0243227e-05,5.887821e-06
895,2.1052547e-05,0.000140712596,2.0017847e-05,5.551614e-06
896,2.1459535e-05,0.000141218305,2.0465814e-05,6.115995e-06
897,2.1205284e-05,0.000141203403,2.0338222e-05,6.078742e-06
897,2.1205284e-05,0.000141203403,2.0338222e-05,6.078742e-06
898,2.1228567e-05,0.000141114928,2.0539388e-05,5.906448e-06
899,2.0972453e-05,0.000140970573,2.0259991e-05,5.901791e-06
900,2.1105632e-05,0.000140719116,2.0487234e-05,5.776994e-06
901,2.1057203e-05,0.000140852295,2.0300038e-05,5.832873e-06
902,2.132263e-05,0.000140772201,2.0609237e-05,6.089918e-06
903,2.1143816e-05,0.000141032971,2.0513311e-05,6.089918e-06
905,2.1250919e-05,0.000140889548,2.0465814e-05,6.024726e-06
906,2.1326356e-05,0.000140837394,2.0347536e-05,5.813316e-06
907,2.109725e-05,0.000140925869,2.0318665e-05,5.777925e-06
908,2.1242537e-05,0.000140705146,2.0282343e-05,5.916692e-06
909,2.1034852e-05,0.000141240656,2.0445324e-05,6.09085e-06
910,2.1154992e-05,0.000140872784,2.0107254e-05,5.884096e-06
911,2.107583e-05,0.000141060911,2.0107254e-05,6.025657e-06
912,2.0942651e-05,0.000140863471,2.0192005e-05,5.797483e-06
913,2.1138228e-05,0.000141064636,2.0571053e-05,5.839393e-06
914,2.1021813e-05,0.000140863471,2.0113774e-05,5.843118e-06
914,2.1021813e-05,0.000140863471,2.0113774e-05,5.843118e-06
915,2.1050684e-05,0.000141170807,2.0465814e-05,5.890615e-06
916,2.1080486e-05,0.000140872784,2.024509e-05,5.891547e-06
917,2.1080486e-05,0.000141111203,2.0372681e-05,6.045215e-06
918,2.1197833e-05,0.000140914693,2.0232983e-05,5.905516e-06
919,2.1143816e-05,0.000141045079,2.0361505e-05,6.079674e-06
920,2.0886771e-05,0.000140844844,2.0207837e-05,6.014481e-06
921,2.127327e-05,0.00014111679,2.0489097e-05,6.037764e-06
922,2.0888634e-05,0.000140880235,2.0286068e-05,5.881302e-06
922,2.0888634e-05,0.000140880235,2.0286068e-05,5.881302e-06
923,2.1280721e-05,0.000140946358,2.0483509e-05,6.008893e-06
924,2.1128915e-05,0.000141028315,2.0075589e-05,5.881302e-06
925,2.1140091e-05,0.000140966848,2.0522624e-05,6.132759e-06
926,2.1019951e-05,0.000141126104,2.0377338e-05,5.883165e-06
927,2.1234155e-05,0.000140909106,2.0383857e-05,6.063841e-06
928,2.1593645e-05,0.000140909106,2.0417385e-05,6.275252e-06
929,0.000180872157,0.000165711157,9.1712922e-05,5.9824437e-05
930,3.5522506e-05,0.0001736423,-3.03611e-07,3.097672e-05
930,3.5522506e-05,0.0001736423,-3.03611e-07,3.097672e-05
931,1.3645738e-05,0.000130064785,7.23638e-07,-3.5043806e-05
932,1.3645738e-05,0.000130064785,7.23638e-07,9.449199e-06
932,1.3645738e-05,0.00011816062,3.5739504e-05,9.449199e-06
933,6.1084516e-05,0.00014717225,1.9599684e-05,-2.699904e-06
936,4.2375177e-05,0.000123191625,3.2294542e-05,-4.174188e-06
937,2.9012561e-05,0.000144062564,2.6689842e-05,4.907139e-06
938,2.9170886e-05,0.000148219988,3.8363039e-05,6.765127e-06
939,4.0583313e-05,0.000148219988,5.298201e-05,2.275221e-05
940,4.301779e-05,0.000154356472,3.9656647e-05,2.5657006e-05
941,3.6139973e-05,0.000177125446,4.6466477e-05,2.7280301e-05
941,3.6139973e-05,0.000177125446,4.6466477e-05,2.7280301e-05
942,3.0073337e-05,0.000177125446,4.2763539e-05,2.3347326e-05
943,4.069414e-05,0.00015919283,3.9970502e-05,2.8976239e-05
944,4.7332607e-05,0.00015919283,3.9970502e-05,4.1880645e-05
944,4.7332607e-05,0.00015919283,4.8995018e-05,4.1880645e-05
945,3.9410777e-05,0.000181370415,4.8222952e-05,3.4241937e-05
946,4.2641535e-05,0.000169795938,4.1310675e-05,3.0627474e-05
947,4.7750771e-05,0.000175751746,3.8953498e-05,3.6237761e-05
948,4.9807131e-05,0.000178477727,4.5026653e-05,3.7123449e-05
949,4.3406151e-05,0.000171691179,3.8935803e-05,3.1727366e-05
950,4.3780543e-05,0.000173027627,4.4456683e-05,3.172271e-05
951,4.8852526e-05,0.00017041713,4.4679269e-05,3.172271e-05
953,4.5257621e-05,0.000175978057,4.2078085e-05,3.4303404e-05
954,4.6050176e-05,0.000175978057,4.5056455e-05,3.4133904e-05
955,4.7443435e-05,0.00017557852,4.5056455e-05,3.365986e-05
956,4.5471825e-05,0.000176275149,4.1312538e-05,3.3920631e-05
957,4.5448542e-05,0.000173769891,4.5400113e-05,3.5564415e-05
958,4.7717243e-05,0.000173769891,4.5400113e-05,3.4783967e-05
958,4.7717243e-05,0.000173906796,4.5400113e-05,3.4783967e-05
959,4.6910718e-05,0.000176859088,4.2067841e-05,3.4475699e-05
960,4.4480897e-05,0.000174176879,4.2933971e-05,3.4064986e-05
961,4.667975e-05,0.000173265114,4.3083914e-05,3.4019351e-05
962,4.829932e-05,0.000175509602,4.3140724e-05,3.59267e-05
963,4.829932e-05,0.000175509602,4.3140724e-05,3.3999793e-05
963,4.591234e-05,0.000175509602,4.3140724e-05,3.3999793e-05
964,4.4359826e-05,0.000173923559,4.2540021e-05,3.3357181e-05
965,4.7197565e-05,0.000173625536,4.3515116e-05,3.4607016e-05
966,4.8229471e-05,0.000176993199,4.1815452e-05,3.5151839e-05
968,4.7261827e-05,0.000175319612,4.2538159e-05,3.3284537e-05
969,5.1444396e-05,0.000176936388,4.1986816e-05,3.4511089e-05
970,5.7280064e-05,0.000183233991,4.3819658e-05,4.2743981e-05
971,5.3669326e-05,0.000185227022,4.3819658e-05,3.8380735e-05
972,4.4903718e-05,0.000179781578,3.3170916e-05,2.9225834e-05
973,3.2762997e-05,0.000163666904,2.8884038e-05,1.7262995e-05
974,3.3820048e-05,0.000155287795,2.6565976e-05,1.7262995e-05
975,3.3309683e-05,0.000156057067,1.7943792e-05,1.2532808e-05
976,1.9372441e-05,0.000151773915,1.96537e-05,7.088296e-06
977,1.7269515e-05,0.000139910728,2.2030436e-05,7.088296e-06
978,2.2735447e-05,0.000141576864,1.9008294e-05,5.611219e-06
979,2.1014363e-05,0.000144415535,1.966022e-05,7.444993e-06
980,1.9870698e-05,0.000140737742,2.1027401e-05,5.995855e-06
981,2.2189692e-05,0.000139174052,2.0355918e-05,6.11227e-06
982,2.1656975e-05,0.000142202713,2.0355918e-05,6.838702e-06
983,1.9493513e-05,0.000140700489,2.0785257e-05,5.669892e-06
983,1.9493513e-05,0.000140700489,2.0785257e-05,5.669892e-06
984,2.0355918e-05,0.000139234588,2.0517968e-05,5.669892e-06
985,2.1954998e-05,0.00014055986,1.9790605e-05,6.836839e-06
986,2.0965002e-05,0.000141981058,1.9448809e-05,5.831942e-06
987,1.9929372e-05,0.000140096061,1.9717962e-05,5.080365e-06
988,2.1654181e-05,0.000140748918,2.054777e-05,5.080365e-06
989,2.168119e-05,0.000142269768,2.0049512e-05,6.68969e-06
990,2.0362437e-05,0.00014176406,2.0570122e-05,6.68969e-06
991,2.0551495e-05,0.000140463933,2.01324e-05,5.761161e-06
992,2.1308661e-05,0.000140583143,2.0192005e-05,6.172806e-06
993,2.1063723e-05,0.000141045079,2.0513311e-05,6.151386e-06
994,2.1219254e-05,0.000141193159,2.0507723e-05,6.338581e-06
995,2.0986423e-05,0.00014129933,2.0447187e-05,6.049871e-06
996,2.0718202e-05,0.000140955672,2.0532869e-05,6.138347e-06
997,2.1003187e-05,0.000140724704,2.0060688e-05,6.138347e-06
998,2.1312386e-05,0.0001409119,2.0465814e-05,6.168149e-06
999,2.09352e-05,0.000141104683,2.0332634e-05,5.784445e-06
1000,2.1072105e-05,0.000141055323,2.040714e-05,5.784445e-06
1001,2.1032989e-05,0.000141263939,2.0141713e-05,5.824491e-06
1002,2.1252781e-05,0.000141218305,2.017431e-05,6.171875e-06
1003,2.1284446e-05,0.000141156837,2.0292588e-05,6.086193e-06
1004,2.0992011e-05,0.000141096301,2.0408072e-05,5.643815e-06
1005,2.1132641e-05,0.000141083263,2.0444393e-05,5.735084e-06
1006,2.1326356e-05,0.000141089782,2.0433217e-05,5.956739e-06
1007,2.1098182e-05,0.000141317956,2.0445324e-05,6.058253e-06
1008,2.1117739e-05,0.000140900724,2.0287931e-05,5.946495e-06
1010,2.1249056e-05,0.000140859745,2.0429492e-05,5.835667e-06
1011,2.1151267e-05,0.000141133554,2.0616688e-05,5.835667e-06
1012,2.0961277e-05,0.000141040422,2.0278618e-05,5.834736e-06
1013,2.1175481e-05,0.000140970573,2.0596199e-05,6.02752e-06
1014,2.1161512e-05,0.000140970573,2.0180829e-05,5.883165e-06
1015,2.1344982e-05,0.000141063705,2.0383857e-05,5.926937e-06
1016,2.14139e-05,0.0001410814,2.0149164e-05,5.926937e-06
1017,2.1208078e-05,0.000141245313,2.0362437e-05,6.005168e-06
1018,2.1042302e-05,0.000140893273,2.0362437e-05,5.742535e-06
1018,2.1042302e-05,0.000140893273,2.0068139e-05,5.742535e-06
1019,2.1304004e-05,0.000141216442,2.035033e-05,5.980022e-06
1019,2.1304004e-05,0.000141216442,2.035033e-05,5.980022e-06
1020,2.0972453e-05,0.000140957534,2.0307489e-05,5.907379e-06
1021,2.1068379e-05,0.000140864402,2.0518899e-05,5.983748e-06
1022,2.1119602e-05,0.00014084857,2.0206906e-05,6.02752e-06
1022,2.1119602e-05,0.00014084857,2.0206906e-05,6.02752e-06
1023,2.1189451e-05,0.000141055323,2.0678155e-05,6.211922e-06
1024,2.0902604e-05,0.000140882097,2.0228326e-05,5.990267e-06
1025,2.1271408e-05,0.000140887685,2.0228326e-05,6.04149e-06
1026,2.1069311e-05,0.00014099665,2.0415522e-05,6.04149e-06
1027,2.115313e-05,0.000141005032,2.0319596e-05,5.995855e-06
1028,2.0965002e-05,0.000141059048,2.0333566e-05,5.876645e-06
1030,2.1074899e-05,0.000141407363,2.0239502e-05,5.773269e-06
1031,2.1162443e-05,0.000140970573,2.0052306e-05,6.016344e-06
1032,2.0919368e-05,0.000141197816,2.0426698e-05,5.868264e-06
1033,2.0954758e-05,0.000140912831,2.0300038e-05,5.926937e-06
1034,2.0875596e-05,0.000141148455,2.0460226e-05,5.926937e-06
1035,2.1104701e-05,0.000141013414,2.0149164e-05,6.009825e-06
1036,2.1067448e-05,0.0001411587,2.038572e-05,6.037764e-06
1037,2.0945445e-05,0.000141038559,2.0220876e-05,6.018206e-06
1037,2.0945445e-05,0.000141038559,2.0220876e-05,6.018206e-06
1038,2.1154061e-05,0.00014118664,2.0626001e-05,6.018206e-06
1039,2.104044e-05,0.000140964054,2.035033e-05,6.039627e-06
1040,2.1156855e-05,0.000141181983,2.0507723e-05,6.227754e-06
1042,3.6449172e-05,0.000197493471,7.7728182e-05,4.0655024e-05
1042,3.6449172e-05,0.000197493471,7.7728182e-05,4.0655024e-05
1043,1.6286969e-05,0.000193758868,2.3327768e-05,4.0655024e-05
1044,8.828938e-06,0.000135952607,-2.470799e-06,2.54903e-06
1045,3.1962991e-05,0.000130740926,-2.470799e-06,2.8996728e-05
1045,3.1962991e-05,0.000130740926,-2.470799e-06,2.8996728e-05
1046,4.1027553e-05,0.000149966218,1.6298145e-05,1.5243888e-05
1047,2.1838583e-05,0.000194076449,1.6896985e-05,2.1683052e-05
1048,1.9440427e-05,0.000169219449,4.4217333e-05,2.6023947e-05
1049,3.3169985e-05,0.000149352476,3.3322722e-05,2.6023947e-05
1050,3.848318e-05,0.000163274817,2.5447458e-05,1.7988496e-05
1051,2.9155985e-05,0.000151217915,3.4116209e-05,2.3423694e-05
1052,4.7159381e-05,0.000153922476,3.5079196e-05,2.9433519e-05
1053,4.7159381e-05,0.000166279264,3.4526922e-05,3.2181852e-05
1054,4.2974018e-05,0.000176397152,3.7930906e-05,2.7329661e-05
1055,4.2092055e-05,0.000173315406,4.4489279e-05,3.1630509e-05
1056,4.7387555e-05,0.000167007558,4.2389147e-05,3.8620085e-05
1058,4.7289766e-05,0.000178080052,3.6068261e-05,3.64976e-05
1059,3.9880164e-05,0.000172517262,3.6068261e-05,3.4564175e-05
1060,4.7794543e-05,0.000172418542,4.4779852e-05,3.948994e-05
1061,5.0867908e-05,0.00017887447,4.0240586e-05,3.8452446e-05
1062,5.0867908e-05,0.000177805312,4.2239204e-05,3.8452446e-05
1063,4.2245723e-05,0.000169831328,4.2239204e-05,3.2723881e-05
1064,4.9711205e-05,0.00017081853,4.3050386e-05,3.2723881e-05
1065,4.9279071e-05,0.000178760849,4.0478073e-05,3.7107617e-05
1066,4.4086948e-05,0.000177165493,4.22718e-05,3.7107617e-05
1067,4.5140274e-05,0.000170392916,4.3425709e-05,3.4545548e-05
1068,4.801061e-05,0.000172917731,4.0524639e-05,3.4620054e-05
1069,4.8117712e-05,0.000175952911,4.0524639e-05,3.6433339e-05
1070,4.5379624e-05,0.000174402259,4.206039e-05,3.5658479e-05
1071,4.6860427e-05,0.000173843466,4.177168e-05,3.5864301e-05
1072,4.7137029e-05,0.00017478317,4.1179359e-05,3.5864301e-05
1073,4.6257861e-05,0.000174770132,4.0788203e-05,3.6248937e-05
1074,4.6309084e-05,0.00017349422,4.1206367e-05,3.6248937e-05
1075,4.7710724e-05,0.000174554996,4.1719526e-05,3.65749e-05
1076,4.618708e-05,0.000175228342,4.0963292e-05,3.5369769e-05
1077,4.6096742e-05,0.000173775479,4.1602179e-05,3.5369769e-05
1078,4.6096742e-05,0.000173781998,4.1805208e-05,3.6263838e-05
1079,4.7597103e-05,0.000175053254,4.1181222e-05,3.6882237e-05
1080,4.6161003e-05,0.000175371766,4.1578896e-05,3.6882237e-05
1081,4.5955181e-05,0.000174056739,4.1404739e-05,3.5461038e-05
1082,4.6297908e-05,0.000173922628,4.1661784e-05,3.5972334e-05
1083,4.7704205e-05,0.000174639747,4.1613355e-05,3.5972334e-05
1084,5.5085868e-05,0.000177511945,4.3150969e-05,4.2777508e-05
1085,5.1986426e-05,0.000184527598,4.4442713e-05,4.2777508e-05
1086,4.9676746e-05,0.000178342685,3.1388365e-05,3.5258941e-05
1087,3.7725084e-05,0.000174134038,2.7826056e-05,2.4699606e-05
1088,3.419444e-05,0.000162447803,3.503263e-05,2.4699606e-05
1089,3.2715499e-05,0.000154964626,2.122391e-05,2.7252361e-05
1090,2.4166889e-05,0.000151718035,2.0781532e-05,1.1885539e-05
1091,2.0916574e-05,0.000141409226,2.1634623e-05,8.165836e-06
1092,2.1582469e-05,0.00014048256,1.8085353e-05,4.467554e-06
1093,2.006907e-05,0.000141640194,1.9748695e-05,4.467554e-06
1094,2.0915642e-05,0.00014053192,2.1005049e-05,6.744638e-06
1095,2.1709129e-05,0.000141364522,1.9351952e-05,6.744638e-06
1096,2.0476058e-05,0.000141777098,2.062507e-05,5.831011e-06
1097,2.0274892e-05,0.000141068362,2.010446e-05,5.622394e-06
1098,2.078712e-05,0.000140853226,2.0235777e-05,6.198883e-06
1098,2.078712e-05,0.000140853226,2.0235777e-05,6.198883e-06
1099,2.1222979e-05,0.000141078606,2.0648353e-05,6.198883e-06
1100,2.1227635e-05,0.000140949152,1.994241e-05,5.969778e-06
1101,2.0485371e-05,0.000140895136,2.0368956e-05,5.652197e-06
1102,2.1157786e-05,0.0001408346,1.984369e-05,6.083399e-06
1103,2.1065585e-05,0.00014134869,2.0144507e-05,6.083399e-06
1104,2.1023676e-05,0.000141344965,2.0011328e-05,6.319955e-06
1104,2.1023676e-05,0.000141344965,2.0011328e-05,6.319955e-06
1105,2.0594336e-05,0.000140768476,2.0254403e-05,6.319955e-06
1106,2.1175481e-05,0.000140498392,2.0292588e-05,6.033108e-06
1106,2.1175481e-05,0.000140498392,2.0292588e-05,6.033108e-06
1107,2.1046028e-05,0.000140498392,2.0292588e-05,6.247312e-06
1107,2.1046028e-05,0.000140498392,2.0291656e-05,6.247312e-06
1108,2.114661e-05,0.000141049735,2.0344742e-05,6.423332e-06
1110,2.092123e-05,0.000140948221,2.0643696e-05,6.079674e-06
1110,2.1090731e-05,0.000140948221,2.0643696e-05,6.079674e-06
1111,2.0753592e-05,0.000140955672,2.0514242e-05,6.073155e-06
1112,2.1278858e-05,0.000141015276,2.0372681e-05,6.073155e-06
1113,2.1054409e-05,0.000141015276,2.0513311e-05,5.97164e-06
1115,2.1128915e-05,0.000141349621,2.0241365e-05,5.761161e-06
1116,2.1156855e-05,0.000140865333,1.9974075e-05,5.876645e-06
1116,2.1156855e-05,0.000140865333,1.9974075e-05,5.876645e-06
1117,2.120994e-05,0.000141215511,2.027303e-05,6.114133e-06
1118,2.1165237e-05,0.000141230412,2.0178035e-05,6.114133e-06
1119,2.1183863e-05,0.000141134486,2.0200387e-05,5.917624e-06
1119,2.1183863e-05,0.000141134486,2.0200387e-05,5.917624e-06
1121,2.1208078e-05,0.000141001306,2.0248815e-05,6.023794e-06
1122,2.1309592e-05,0.000141055323,2.0340085e-05,5.868264e-06
1123,2.1151267e-05,0.000141055323,2.0395033e-05,6.021932e-06
1124,2.1078624e-05,0.000140865333,2.0574778e-05,6.021932e-06
1125,2.1419488e-05,0.000140747055,2.0565465e-05,6.097369e-06
1126,2.0923093e-05,0.000140747055,2.0552427e-05,5.961396e-06
1127,2.1224841e-05,0.000140702352,2.038572e-05,5.961396e-06
1128,2.1093525e-05,0.000140898861,2.038572e-05,5.924143e-06
1129,2.1470711e-05,0.000140945427,2.0347536e-05,6.009825e-06
1129,2.1470711e-05,0.000140945427,2.0347536e-05,6.009825e-06
1130,2.1183863e-05,0.00014119409,2.0531937e-05,5.943701e-06
1131,2.1269545e-05,0.000140978955,2.0344742e-05,5.842187e-06
1132,2.112519e-05,0.000141193159,2.0359643e-05,5.812384e-06
1133,2.1168031e-05,0.000141053461,2.0197593e-05,5.790964e-06
1135,2.1316111e-05,0.000141053461,2.0178966e-05,5.915761e-06
1136,2.1116808e-05,0.000141252764,2.032239e-05,5.836599e-06
1137,2.1136366e-05,0.000140981749,2.032239e-05,6.028451e-06
1138,2.1119602e-05,0.000141027384,2.0391308e-05,6.029382e-06
1139,2.1049753e-05,0.000140956603,2.032984e-05,6.024726e-06
1140,2.1024607e-05,0.000141008757,2.0366162e-05,6.008893e-06
1141,2.0973384e-05,0.000140871853,2.0106323e-05,5.965121e-06
1142,2.1064654e-05,0.00014106743,2.0307489e-05,6.129034e-06
1143,2.1071173e-05,0.000141097233,2.0266511e-05,6.129034e-06
1144,2.1043234e-05,0.000141233206,2.0388514e-05,6.006099e-06
1146,2.1175481e-05,0.00014112331,2.0228326e-05,5.979091e-06
1147,2.0976178e-05,0.00014112331,2.0162202e-05,5.979091e-06
1148,2.112519e-05,0.000140991062,2.025906e-05,6.003305e-06
1149,4.954636e-06,0.000141260214,2.0487234e-05,6.194226e-06
1150,0.000211777166,0.000187473372,0.000126569532,8.0663711e-05
1151,-7.870607e-06,0.00023480691,0.000126569532,7.2428957e-05
1152,-7.870607e-06,0.000162912533,-2.644956e-06,-0.000106334686
1153,5.4414384e-05,0.000162912533,-5.866401e-06,-3.6993064e-05
1153,5.4414384e-05,0.000162912533,-3.5300851e-05,-3.6993064e-05
1153,-4.0920451e-05,0.000162912533,-3.5300851e-05,-3.6993064e-05
1154,3.5650097e-05,0.000178067945,-3.5300851e-05,4.2158179e-05
1156,-1.5008263e-05,0.000134663656,1.0093674e-05,2.2339635e-05
1157,-1.5008263e-05,0.000108827837,1.1494383e-05,3.732741e-06
1158,2.1870248e-05,0.000122566707,1.8595718e-05,3.732741e-06
1159,3.5976991e-05,0.000145759434,5.311333e-06,4.218891e-06
1160,3.1396747e-05,0.000174821354,3.3505261e-05,4.218891e-06
1161,4.456006e-05,0.000175043941,2.2042543e-05,6.28829e-06
1162,2.7367845e-05,0.000185376033,2.6257709e-05,3.4956262e-05
1163,4.0117651e-05,0.000185376033,6.2012114e-05,3.2811426e-05
1164,4.6091154e-05,0.000160085037,2.5254674e-05,3.2811426e-05
1165,4.8075803e-05,0.000182810239,2.5254674e-05,3.8922764e-05
1166,4.2900443e-05,0.000172901899,3.3720396e-05,3.134273e-05
1167,4.0941872e-05,0.000171381049,4.5093708e-05,2.7885661e-05
1168,5.0948933e-05,0.000169384293,3.7691556e-05,2.7885661e-05
1169,4.9573369e-05,0.000179847702,4.6146102e-05,3.7418678e-05
1170,4.6955422e-05,0.000174965709,4.6146102e-05,3.7785619e-05
1171,4.1058287e-05,0.000171287917,3.708899e-05,3.7785619e-05
1174,4.465133e-05,0.000182763673,4.2948872e-05,3.6971644e-05
1175,4.3647364e-05,0.000172857195,4.458148e-05,3.3972785e-05
1175,4.3647364e-05,0.000172857195,4.458148e-05,3.3972785e-05
1176,4.5125373e-05,0.00017350167,4.1233376e-05,3.3972785e-05
1177,4.5209192e-05,0.000175748952,4.0051527e-05,3.2850541e-05
1178,4.3848529e-05,0.000174213201,4.5149587e-05,3.3959746e-05
1179,4.7730282e-05,0.000174720772,4.4857152e-05,3.4448691e-05
1180,4.6282075e-05,0.000177917071,4.1679479e-05,3.2917596e-05
1181,4.5559369e-05,0.000175877474,4.2886473e-05,3.2917596e-05
1182,4.7714449e-05,0.000175160356,4.2263418e-05,3.4373254e-05
1182,4.7714449e-05,0.000175160356,4.2263418e-05,3.4373254e-05
1183,4.9120747e-05,0.000177497976,4.3033622e-05,3.6896206e-05
1185,4.3909997e-05,0.000173941255,4.1671097e-05,3.3084303e-05
1186,4.7402456e-05,0.000173982233,4.2344444e-05,3.4688972e-05
1187,4.8248097e-05,0.000177343376,4.1051768e-05,3.4688972e-05
1187,4.8248097e-05,0.000177343376,4.1051768e-05,3.4688972e-05
1188,4.6053901e-05,0.00017726142,4.1720457e-05,3.5270117e-05
1189,4.463084e-05,0.000174751505,4.2414293e-05,3.3456832e-05
1189,4.463084e-05,0.000174751505,4.2414293e-05,3.3456832e-05
1191,5.6792051e-05,0.000176499598,3.7818216e-05,3.5916455e-05
1191,5.6792051e-05,0.000176499598,3.7818216e-05,3.5916455e-05
1193,5.7182275e-05,0.000185887329,3.4613535e-05,4.156772e-05
1194,5.5429526e-05,0.000183954835,3.9744191e-05,4.272256e-05
1196,4.8203394e-05,0.000175738707,2.7309172e-05,3.5987236e-05
1197,4.1250139e-05,0.000165089965,3.1979755e-05,3.5597943e-05
1198,3.9811246e-05,0.000156795606,2.6602298e-05,2.8750859e-05
1199,3.2810494e-05,0.000155868009,2.294872e-05,1.7659739e-05
1200,2.4164096e-05,0.000147276558,1.9293278e-05,9.063631e-06
1201,2.4164096e-05,0.000147276558,2.155453e-05,3.952533e-06
1201,1.7643906e-05,0.000141561963,2.155453e-05,3.952533e-06
1202,2.2011809e-05,0.000140789896,2.0800158e-05,3.952533e-06
1203,2.1074899e-05,0.000142811798,1.9816682e-05,6.836839e-06
1204,1.9541942e-05,0.000142811798,2.1227635e-05,6.622635e-06
1206,2.097711e-05,0.000141086057,2.0071864e-05,5.912967e-06
1207,2.097711e-05,0.000141181052,2.0025298e-05,5.892478e-06
1208,2.0992011e-05,0.000140565448,2.0361505e-05,6.745569e-06
1209,2.1136366e-05,0.000142066739,2.0185485e-05,7.125549e-06
1209,2.1136366e-05,0.000142066739,2.0185485e-05,7.125549e-06
1210,2.0483509e-05,0.00014158804,1.9912608e-05,7.125549e-06
1211,2.0483509e-05,0.00014158804,1.9687228e-05,5.836599e-06
1212,2.1102838e-05,0.000140948221,1.9719824e-05,6.115995e-06
1214,2.0488165e-05,0.000141464174,1.999177e-05,6.810762e-06
1215,2.0820647e-05,0.0001411587,2.0408072e-05,6.237999e-06
1216,2.0973384e-05,0.000141349621,2.0291656e-05,6.700866e-06
1217,2.0964071e-05,0.000141119584,2.0326115e-05,6.586313e-06
1218,2.0476058e-05,0.00014098268,2.0321459e-05,6.079674e-06
1220,2.0432286e-05,0.000140854158,2.0312145e-05,6.132759e-06
1220,2.0432286e-05,0.000140945427,2.0312145e-05,6.132759e-06
1221,2.1178275e-05,0.000141259283,2.0137057e-05,6.707385e-06
1221,2.1178275e-05,0.000141259283,2.0137057e-05,6.707385e-06
1222,2.0814128e-05,0.000141456723,2.01324e-05,6.496906e-06
1223,2.0962209e-05,0.000141330995,1.9897707e-05,6.265938e-06
1224,2.0725653e-05,0.000141399913,2.0025298e-05,6.265938e-06
1225,2.0953827e-05,0.000140885822,2.0025298e-05,5.906448e-06
1226,2.0667911e-05,0.000140885822,2.0254403e-05,5.906448e-06
1226,2.0667911e-05,0.000141626224,2.0254403e-05,5.906448e-06
1228,2.0551495e-05,0.000141385011,2.0032749e-05,6.205402e-06
1229,2.1123327e-05,0.000141223893,1.9884668e-05,6.205402e-06
1230,2.0965002e-05,0.000141440891,1.9934028e-05,6.272458e-06
1231,2.1211803e-05,0.000141440891,1.9934028e-05,6.22496e-06
1231,2.1211803e-05,0.000141440891,2.021715e-05,6.22496e-06
1232,2.0549633e-05,0.000141319819,2.039969e-05,6.22496e-06
