,,,,
24,4.8131682E-05,0.000176023692,4.1333959E-05,3.3783726E-05
25,4.7803856E-05,0.00017577596,4.1300431E-05,3.3783726E-05
27,4.8394315E-05,0.000176635571,4.1021965E-05,3.313832E-05
27,4.8394315E-05,0.000176635571,4.1021965E-05,3.313832E-05
28,4.9185939E-05,0.00017784629,4.0733255E-05,3.2415614E-05
29,4.9995258E-05,0.000178996474,4.0733255E-05,3.1637959E-05
30,5.1639043E-05,0.000181009993,3.9062463E-05,3.1637959E-05
31,5.3440221E-05,0.000182095915,3.7294813E-05,3.0243769E-05
32,5.5504963E-05,0.000181925483,3.3967197E-05,3.0512922E-05
33,5.6634657E-05,0.000181925483,3.1339005E-05,3.2548793E-05
34,5.3779222E-05,0.000181591138,3.0412339E-05,3.4538098E-05
34,5.3779222E-05,0.000181591138,3.0412339E-05,3.4538098E-05
35,4.9507245E-05,0.000179903582,3.8921833E-05,2.7425587E-05
36,4.8231333E-05,0.000179841183,3.0260533E-05,2.2762455E-05
37,4.2632222E-05,0.000173451379,3.3322722E-05,2.341345E-05
37,4.2632222E-05,0.000173451379,3.3322722E-05,2.341345E-05
38,4.206039E-05,0.000170729123,3.8580969E-05,2.341345E-05
39,3.9571896E-05,0.000165071338,3.2521784E-05,2.4452806E-05
39,3.9571896E-05,0.000165071338,3.2521784E-05,2.4452806E-05
40,3.2951124E-05,0.000160115771,3.6343932E-05,2.4452806E-05
41,3.1915493E-05,0.000157691538,3.451854E-05,2.4286099E-05
42,2.7743168E-05,0.000152460299,2.9245391E-05,1.3235025E-05
43,2.4060719E-05,0.000148248859,2.6468188E-05,1.3235025E-05
44,2.3232773E-05,0.000145413913,1.7652288E-05,3.868714E-06
45,2.1622516E-05,0.000142143108,1.8556602E-05,3.868714E-06
46,2.2038817E-05,0.000142300501,1.9492581E-05,4.705042E-06
47,2.2665597E-05,0.000143103302,1.8155202E-05,4.75347E-06
48,2.2717752E-05,0.000143129379,1.8813647E-05,4.932284E-06
49,2.2095628E-05,0.000142604113,1.7679296E-05,4.932284E-06
50,2.1926127E-05,0.000142931007,1.7573126E-05,3.001653E-06
51,2.3966655E-05,0.0001441231,1.8291175E-05,4.515052E-06
,,,,
134,2.3094006E-05,0.000143376179,1.8371269E-05,4.034489E-06
135,2.2783875E-05,0.000143014826,1.8282793E-05,3.713183E-06
136,2.26954E-05,0.00014342647,1.8061139E-05,3.480352E-06
137,2.2926368E-05,0.000143205747,1.8349849E-05,3.462657E-06
137,2.2926368E-05,0.000143205747,1.8349849E-05,3.462657E-06
138,2.3134984E-05,0.000143499114,1.8206425E-05,3.602356E-06
139,2.3039058E-05,0.000143340789,1.8021092E-05,3.532507E-06
140,2.3175962E-05,0.000143586658,1.8082559E-05,3.734604E-06
141,2.3432076E-05,0.000143491663,1.8479303E-05,4.089437E-06
142,2.3202039E-05,0.000143085606,1.8157065E-05,3.610738E-06
143,2.325885E-05,0.000142971054,1.8470921E-05,3.922731E-06
144,2.3013912E-05,0.000142886303,1.8335879E-05,3.728084E-06
145,2.325885E-05,0.000143135898,1.861155E-05,3.994443E-06
146,7.138215E-05,0.000336959027,1.8971972E-05,-1.2665987E-05
147,2.2648834E-05,0.00025361497,-3.571622E-06,-4.705321E-05
148,3.5366975E-05,0.000186213292,0.000235044397,9.3319453E-05
149,1.8483028E-05,0.000137619674,1.9196421E-05,1.785345E-06
150,2.4992041E-05,0.000125928782,5.4891221E-05,3.455207E-06
151,4.9622729E-05,0.000155328773,4.8316084E-05,3.3633783E-05
152,4.8683025E-05,0.000173088163,3.195554E-05,6.7137182E-05
152,4.8683025E-05,0.000173088163,3.195554E-05,6.7137182E-05
153,4.090555E-05,0.000182832591,3.9978884E-05,5.9566461E-05
154,4.515145E-05,0.000174116343,5.8969483E-05,4.0311366E-05
155,4.9590133E-05,0.000165640377,4.9768016E-05,3.1778589E-05
156,4.324317E-05,0.00016696658,5.0213188E-05,4.2150728E-05
156,4.324317E-05,0.00016696658,5.0213188E-05,4.2150728E-05
157,5.5820681E-05,0.000172755681,4.5707449E-05,3.8221478E-05
157,5.5820681E-05,0.000172755681,4.5707449E-05,3.8221478E-05
158,5.003158E-05,0.00016740337,4.2021275E-05,3.13567E-05
159,4.385598E-05,0.00016643852,4.6732835E-05,3.7737191E-05
160,4.6010129E-05,0.000168687664,4.527159E-05,3.0543655E-05
,,,,
188,4.7815032E-05,0.000171264634,4.3191016E-05,3.4517609E-05
189,5.0240196E-05,0.000172263011,4.4683926E-05,3.4887344E-05
190,4.9166381E-05,0.00017062109,4.3611974E-05,3.493391E-05
191,4.9063005E-05,0.000171182677,4.3922104E-05,3.5268255E-05
192,4.9850903E-05,0.000171516091,4.4576824E-05,3.5579316E-05
193,4.8593618E-05,0.000169429928,4.3525361E-05,3.4829602E-05
194,4.7957525E-05,0.000169785693,4.4766814E-05,3.4733675E-05
194,4.7957525E-05,0.000169785693,4.4766814E-05,3.4733675E-05
195,4.9321912E-05,0.000170313753,4.4998713E-05,3.5260804E-05
196,4.8405491E-05,0.000170059502,4.4193119E-05,3.4958124E-05
197,4.8652291E-05,0.000170552172,4.4791959E-05,3.5359524E-05
198,4.9041584E-05,0.000171223655,4.4185668E-05,3.4742057E-05
199,5.1079318E-05,0.000176527537,4.4577755E-05,3.5261735E-05
200,5.8397651E-05,0.000186693855,4.6706758E-05,3.3545308E-05
201,6.206613E-05,0.000198572874,4.3548644E-05,3.7412159E-05
202,5.4193661E-05,0.000181175768,3.4281984E-05,2.1970831E-05
203,5.5786222E-05,0.000177783892,3.8575381E-05,3.2789074E-05
204,5.5588782E-05,0.000205276534,3.3195131E-05,2.8386712E-05
205,5.5088662E-05,0.000194793567,2.7447008E-05,1.8280931E-05
206,5.0357543E-05,0.000176087953,3.1944364E-05,2.1564774E-05
207,4.0865503E-05,0.000169878826,3.4639612E-05,2.2222288E-05
208,4.1948631E-05,0.000165721402,2.961047E-05,2.1760352E-05
209,3.5895966E-05,0.000150184147,2.5358051E-05,1.3525598E-05
210,2.2344291E-05,0.000142965466,2.7376227E-05,3.087334E-06
211,2.4099834E-05,0.000140811317,1.7902814E-05,2.28826E-06
212,2.3756176E-05,0.000140318647,1.8144026E-05,4.341826E-06
213,2.4078414E-05,0.000139031559,1.9939616E-05,3.068708E-06
214,2.4141744E-05,0.000143103302,1.7557293E-05,2.453104E-06
215,2.3989938E-05,0.000143254176,1.9688159E-05,5.100854E-06
216,2.3375265E-05,0.000141801313,1.8649735E-05,2.763234E-06
217,2.2570603E-05,0.000141218305,1.8303283E-05,2.539717E-06
,,,,
299,2.3362227E-05,0.000142754987,1.867488E-05,3.264286E-06
300,2.3812987E-05,0.000142896548,1.8627383E-05,3.390945E-06
301,2.3368746E-05,0.000142556615,1.894217E-05,3.390945E-06
302,2.3665838E-05,0.000142481178,1.8686987E-05,3.403053E-06
303,2.3245811E-05,0.000142291188,1.8890947E-05,3.38722E-06
304,2.3378991E-05,0.000142556615,1.8790364E-05,3.428198E-06
305,2.3378991E-05,0.000142556615,1.8992461E-05,3.339723E-06
306,2.3812056E-05,0.000142525882,1.8793158E-05,3.339723E-06
307,2.363883E-05,0.000142471865,1.8993393E-05,3.384426E-06
308,2.3799017E-05,0.000142767094,1.8924475E-05,3.551133E-06
309,2.3686327E-05,0.000142573379,1.8907711E-05,3.551133E-06
310,6.1556697E-05,0.000188522972,1.8811785E-05,3.517605E-06
311,3.599748E-05,0.00022037141,1.7934479E-05,-2.4791807E-05
312,7.7002682E-05,0.000306066126,4.3742359E-05,6.2344596E-05
313,3.3750199E-05,0.000213260762,4.5372173E-05,1.5591271E-05
314,2.1689571E-05,0.000155689195,6.5207481E-05,1.5591271E-05
315,2.5165267E-05,0.00015644636,3.2089651E-05,3.55253E-05
316,6.6778623E-05,0.000175621361,1.8057413E-05,4.354585E-05
317,4.8416667E-05,0.00015724171,1.1615455E-05,1.4178455E-05
318,4.7884881E-05,0.000147596933,3.3634715E-05,1.4178455E-05
319,3.9410777E-05,0.000172640197,5.3629279E-05,3.2179058E-05
320,6.1771832E-05,0.000182991847,5.1680021E-05,3.7861988E-05
321,5.4311939E-05,0.000175448135,4.3065287E-05,3.3157878E-05
322,4.0343963E-05,0.000174226239,4.937686E-05,3.4245662E-05
323,5.3172931E-05,0.000187216327,4.1019171E-05,2.8563663E-05
325,4.4523738E-05,0.000168808736,4.6533532E-05,3.339164E-05
326,4.4001266E-05,0.000172295608,4.3654814E-05,3.339164E-05
327,5.4198317E-05,0.000175992027,4.3593347E-05,3.4263358E-05
327,5.4198317E-05,0.000175992027,4.3593347E-05,3.4263358E-05
328,5.1253475E-05,0.00017375499,4.233513E-05,3.1763688E-05
329,4.5564957E-05,0.000169422477,4.4958666E-05,2.8933398E-05
,,,,
366,4.8741698E-05,0.000175096095,4.4240616E-05,3.0817464E-05
367,4.882738E-05,0.00017479714,4.4399872E-05,3.0924566E-05
368,4.8549846E-05,0.000174760818,4.4100918E-05,3.0458905E-05
368,4.8549846E-05,0.000174760818,4.4100918E-05,3.0458905E-05
369,4.8683025E-05,0.000174649991,4.4431537E-05,3.0551106E-05
370,4.8565678E-05,0.000174981542,4.4397078E-05,3.0635856E-05
371,4.881341E-05,0.00017509982,4.4570304E-05,3.0916184E-05
371,4.881341E-05,0.00017509982,4.4570304E-05,3.0916184E-05
372,4.8589893E-05,0.000174991786,4.4343993E-05,3.0712225E-05
373,4.8927963E-05,0.000174997374,4.4259243E-05,3.0928291E-05
374,5.1746145E-05,0.000182702206,4.4615008E-05,3.137812E-05
375,6.7481771E-05,0.000212348066,4.9899332E-05,3.8697384E-05
376,6.6738576E-05,0.000207898207,4.0756539E-05,3.0444004E-05
377,6.3490123E-05,0.000189558603,4.1051768E-05,3.4349039E-05
378,5.376339E-05,0.000197635032,4.7535636E-05,3.0761585E-05
379,5.6603923E-05,0.000200956129,3.233552E-05,2.903305E-05
380,4.7906302E-05,0.000181231648,3.0534342E-05,1.7440878E-05
381,4.491955E-05,0.000168995,3.182888E-05,1.6671605E-05
382,3.8868748E-05,0.000166231766,3.0776486E-05,1.8065795E-05
383,3.1249598E-05,0.000153574161,2.3820437E-05,2.1590851E-05
384,2.1901913E-05,0.000137403607,2.1277927E-05,8.072704E-06
385,2.117455E-05,0.000141717494,1.8025748E-05,8.1956E-08
385,2.117455E-05,0.000141717494,1.8025748E-05,8.1956E-08
385,2.117455E-05,0.000141717494,1.8025748E-05,8.1956E-08
386,2.6002526E-05,0.000144233927,1.8276274E-05,1.86637E-06
387,2.327282E-05,0.000141410157,1.8974766E-05,3.878027E-06
388,2.2787601E-05,0.000140237622,1.9471161E-05,1.931563E-06
389,2.3802742E-05,0.000143226236,1.8680468E-05,2.708286E-06
390,2.4125911E-05,0.00013984181,1.9012019E-05,4.408881E-06
391,2.2986904E-05,0.000140107237,1.9585714E-05,3.177673E-06
392,2.4629757E-05,0.000142286532,1.9233674E-05,3.46452E-06
,,,,
474,2.3801811E-05,0.000142438337,1.8981285E-05,3.279187E-06
475,2.3997389E-05,0.000142644159,1.9039027E-05,3.155321E-06
476,2.3687258E-05,0.000142323785,1.8690713E-05,3.036112E-06
477,2.3905188E-05,0.000142610632,1.8866733E-05,3.188848E-06
478,2.3727305E-05,0.000142230652,1.8812716E-05,2.967194E-06
479,2.3690984E-05,0.000142516568,1.8941239E-05,3.037043E-06
480,2.3878179E-05,0.000142359175,1.8968247E-05,2.941117E-06
481,2.4181791E-05,0.0001427643,1.8894672E-05,3.20375E-06
482,2.4063513E-05,0.000142793171,1.9212253E-05,3.134832E-06
483,6.9322996E-05,0.000282300636,1.9133091E-05,2.977438E-06
484,4.4850633E-05,0.000330951065,4.5893714E-05,-1.7591752E-05
485,0.000170116313,0.000270383433,9.4609335E-05,6.2967651E-05
485,0.000170116313,0.000270383433,9.4609335E-05,6.2967651E-05
486,2.063811E-06,0.000200917013,4.9714E-06,8.247793E-06
487,1.5814789E-05,0.000169820152,8.597039E-06,-2.4923123E-05
488,1.4185905E-05,0.000194979832,1.1450611E-05,6.861053E-06
489,6.1660074E-05,0.000163499266,2.2203662E-05,4.1668303E-05
490,4.0559098E-05,0.00014955923,1.7510727E-05,3.7699006E-05
491,3.6654063E-05,0.000142013654,1.578778E-05,2.7862377E-05
492,5.3288415E-05,0.000164364465,3.5473146E-05,3.2636337E-05
493,5.1707961E-05,0.000169755891,3.4803525E-05,2.6403926E-05
494,5.6679361E-05,0.000167314894,4.8932619E-05,3.6639161E-05
495,5.1978976E-05,0.000177075155,4.8725866E-05,2.9550865E-05
496,5.4960139E-05,0.000186790712,4.7392212E-05,3.6748126E-05
497,5.0309114E-05,0.000181334093,3.2816082E-05,2.6312657E-05
498,4.5787543E-05,0.000175988302,4.3490902E-05,3.1625852E-05
499,5.0466508E-05,0.000177301466,4.1506253E-05,2.9555522E-05
500,5.4891221E-05,0.000178301707,3.7965365E-05,3.53707E-05
500,5.4891221E-05,0.000178301707,3.7965365E-05,3.53707E-05
501,4.8253685E-05,0.000167244114,3.5616569E-05,2.9115938E-05
502,4.7759153E-05,0.00016637519,4.3512322E-05,2.8473325E-05
,,,,
542,5.1072799E-05,0.000175624155,4.1026622E-05,3.1093135E-05
543,5.1032752E-05,0.00017576199,4.0930696E-05,3.1098723E-05
544,5.1080249E-05,0.000175586902,4.1115098E-05,3.1135976E-05
545,5.0628558E-05,0.000175392255,4.1020103E-05,3.0961819E-05
546,5.1211566E-05,0.000175776891,4.104618E-05,3.0887313E-05
546,5.1211566E-05,0.000175776891,4.104618E-05,3.0887313E-05
547,5.1002018E-05,0.000175776891,4.1133724E-05,3.0921772E-05
547,5.1002018E-05,0.000175776891,4.1133724E-05,3.0921772E-05
547,5.1002018E-05,0.00017574057,4.1133724E-05,3.0921772E-05
548,5.3394586E-05,0.000182632357,4.1349791E-05,3.1783246E-05
549,6.6773966E-05,0.000201855786,4.7313049E-05,4.1550025E-05
550,7.3606148E-05,0.000203359872,4.1892752E-05,4.1550025E-05
550,7.3606148E-05,0.000203359872,4.1892752E-05,3.8494356E-05
551,5.9567392E-05,0.000183285214,3.2739714E-05,3.1513162E-05
552,5.3871423E-05,0.000207012519,3.0867755E-05,2.5971793E-05
553,5.4910779E-05,0.000200361945,2.8808601E-05,1.7173588E-05
554,5.3064898E-05,0.000177469105,2.7091242E-05,1.7607585E-05
555,3.8820319E-05,0.000165672041,2.9099174E-05,1.8429011E-05
556,3.0764379E-05,0.000159534626,2.5880523E-05,1.6882084E-05
557,2.5432557E-05,0.000142803416,1.8007122E-05,6.789342E-06
558,1.7695129E-05,0.000133537687,1.3976358E-05,-5.06639E-07
559,2.2217631E-05,0.000140381977,1.9074418E-05,1.22003E-07
560,2.9156916E-05,0.000144284219,1.8509105E-05,3.168359E-06
561,2.3392029E-05,0.000139316544,2.0135194E-05,2.392568E-06
562,2.06111E-05,0.000141054392,2.110377E-05,2.04891E-06
563,2.5625341E-05,0.000142996199,1.7447397E-05,3.672205E-06
564,2.4159439E-05,0.000138832256,1.7481856E-05,3.471971E-06
565,2.3020431E-05,0.000139727257,2.0299107E-05,2.115965E-06
566,2.5240704E-05,0.000143662095,1.9934028E-05,3.324822E-06
567,2.4503097E-05,0.000142906792,1.9389205E-05,3.648922E-06
568,2.2633001E-05,0.000142161734,1.816079E-05,2.463348E-06
,,,,
649,2.4186447E-05,0.000142087229,1.9221567E-05,2.872199E-06
650,2.4337322E-05,0.0001421161,1.9134022E-05,3.083609E-06
651,2.4194829E-05,0.000141949393,1.911819E-05,2.899207E-06
652,2.4407171E-05,0.000142090954,1.9157305E-05,2.970919E-06
653,2.3989007E-05,0.000141990371,1.9172207E-05,2.744608E-06
654,2.4172477E-05,0.000142164528,1.8923543E-05,2.772547E-06
655,2.4112873E-05,0.000142037868,1.90055E-05,2.718531E-06
656,2.4304725E-05,0.000142535195,1.9074418E-05,2.868474E-06
657,2.4178065E-05,0.000142349862,1.9175932E-05,2.931803E-06
658,2.4377368E-05,0.00014290493,1.9020401E-05,2.858229E-06
659,2.765097E-06,0.00016379822,1.9320287E-05,3.241934E-06
660,0.000169606879,0.00019396469,0.000202042982,0.000186437741
661,0.000114698894,8.4217638E-05,5.325675E-05,3.3142045E-05
662,-1.6576611E-05,0.000110540539,-4.515052E-06,-4.5469962E-05
663,5.8179721E-05,0.000188421458,2.8138049E-05,-2.68966E-06
664,7.6472759E-05,0.000228120014,7.628463E-06,4.8630871E-05
665,4.1672029E-05,0.000183728524,3.6725774E-05,3.8379803E-05
666,3.9538369E-05,0.000182004645,6.032642E-05,5.1551498E-05
667,5.5941753E-05,0.000177027658,6.032642E-05,3.1915493E-05
667,5.5941753E-05,0.000177027658,4.6178699E-05,3.1915493E-05
668,4.5772642E-05,0.000171153806,3.9783306E-05,2.4771318E-05
669,4.6534464E-05,0.000173546374,3.0643307E-05,2.0976178E-05
670,5.4133125E-05,0.000176969916,4.3142587E-05,1.9024126E-05
671,5.7589263E-05,0.000180818141,3.9744191E-05,3.7894584E-05
672,5.0558709E-05,0.000169616193,4.2036176E-05,2.6111491E-05
673,4.5505352E-05,0.000166198239,4.5564026E-05,2.0111911E-05
674,5.5638142E-05,0.000182576478,3.9178878E-05,2.7516857E-05
675,5.6712888E-05,0.000183803961,4.3924898E-05,3.7519261E-05
676,4.8680231E-05,0.000177654438,4.274305E-05,2.7259812E-05
677,4.6908855E-05,0.000176575035,4.1140243E-05,2.4459325E-05
678,5.2266754E-05,0.000179022551,4.3498352E-05,2.8070062E-05
,,,,
704,5.1871873E-05,0.000177400187,4.1941181E-05,2.7746893E-05
705,5.1501207E-05,0.000176918693,4.2079948E-05,2.7694739E-05
706,5.1430427E-05,0.000177074224,4.2277388E-05,2.7581118E-05
707,5.1570125E-05,0.000177171081,4.2361207E-05,2.7630478E-05
708,5.2084215E-05,0.000177453272,4.221499E-05,2.7965754E-05
708,5.2084215E-05,0.000177453272,4.221499E-05,2.7965754E-05
709,5.134847E-05,0.000176605769,4.2295083E-05,2.7866103E-05
710,5.1360577E-05,0.000176941045,4.1958876E-05,2.7524307E-05
711,5.1821582E-05,0.000177005306,4.2404979E-05,2.7935021E-05
712,5.1832758E-05,0.000177992508,4.2168424E-05,2.7700327E-05
713,5.847495E-05,0.000189433806,4.3837354E-05,3.0957162E-05
714,6.799493E-05,0.000217200257,4.5974739E-05,3.4003519E-05
715,5.9459358E-05,0.000196016394,4.1840598E-05,2.6103109E-05
715,5.9459358E-05,0.000196016394,4.1840598E-05,2.6103109E-05
716,5.367212E-05,0.000185246579,3.2827258E-05,2.314616E-05
717,4.7932379E-05,0.000183525495,3.1759962E-05,1.3777055E-05
718,5.1867217E-05,0.000176963396,3.8280152E-05,2.5239773E-05
719,4.6992674E-05,0.000164996833,2.6789494E-05,2.0938925E-05
720,3.0731782E-05,0.000151923858,2.796948E-05,1.5601516E-05
721,3.1803735E-05,0.000148684718,2.2196211E-05,9.318814E-06
722,2.7022325E-05,0.000143824145,1.3630837E-05,2.220273E-06
723,2.0950101E-05,0.000140020624,1.9848347E-05,2.913177E-06
723,2.0950101E-05,0.000140020624,1.9848347E-05,2.913177E-06
724,2.4384819E-05,0.000144171529,1.9842759E-05,2.373941E-06
725,2.6686117E-05,0.000143525191,1.8741004E-05,4.748814E-06
726,2.1759421E-05,0.000139358453,2.0524487E-05,2.763234E-06
727,2.2862107E-05,0.000141625293,1.9014813E-05,2.306886E-06
728,2.5250949E-05,0.000142615288,1.8405728E-05,4.034489E-06
729,2.4452806E-05,0.000141786411,1.8343329E-05,3.502704E-06
730,2.2980385E-05,0.000141209923,1.8696301E-05,1.920387E-06
731,2.3938715E-05,0.000142858364,1.9071624E-05,2.236106E-06
,,,,
801,2.4087727E-05,0.000142322853,1.9123778E-05,2.636574E-06
802,2.4155714E-05,0.00014256686,1.9009225E-05,2.751127E-06
802,2.4155714E-05,0.00014256686,1.9009225E-05,2.751127E-06
803,2.4200417E-05,0.000142197125,1.9024126E-05,2.706423E-06
804,2.4198554E-05,0.000142482109,1.8944964E-05,2.72505E-06
805,2.4323352E-05,0.000142646022,1.8820167E-05,2.574176E-06
806,2.3994595E-05,0.000142374076,1.8874183E-05,2.552755E-06
808,2.4168752E-05,0.000142444856,1.9031577E-05,2.692454E-06
809,2.4288893E-05,0.000142829493,1.8982217E-05,2.868474E-06
810,5.3596683E-05,0.000192573294,1.8982217E-05,2.868474E-06
811,5.3596683E-05,0.000208235346,7.9310499E-05,-3.408641E-06
812,7.7369623E-05,0.000208235346,1.2182631E-05,4.1441992E-05
813,1.5324913E-05,0.000258353539,2.9684976E-05,1.9141473E-05
814,7.3140487E-05,0.000174759887,0.000131675974,7.4060634E-05
815,4.3908134E-05,0.000171538442,1.2071803E-05,1.5451573E-05
816,3.641285E-05,0.000163449906,7.4912794E-05,2.6468188E-05
817,5.4082833E-05,0.000168578699,6.503053E-05,4.7955662E-05
818,4.6599656E-05,0.000171511434,2.270937E-05,2.9072165E-05
819,4.2923726E-05,0.000165688805,4.7579408E-05,3.5872683E-05
820,5.5136159E-05,0.000182848424,4.3926761E-05,2.795551E-05
821,5.2265823E-05,0.000182848424,4.3476E-05,2.6860274E-05
822,4.9551949E-05,0.000172551721,3.9492734E-05,2.6860274E-05
823,4.7698617E-05,0.000174049288,3.9492734E-05,3.5580248E-05
825,5.3950585E-05,0.000179988332,4.1090883E-05,3.3042394E-05
826,4.8905611E-05,0.000173111446,4.2553991E-05,2.8747134E-05
827,4.8754737E-05,0.000175104477,4.0188432E-05,2.8709881E-05
829,5.2411109E-05,0.000174584799,4.0368177E-05,3.0231662E-05
830,5.0867908E-05,0.000175672583,3.9436854E-05,3.0338764E-05
832,5.2754767E-05,0.000177610666,4.0849671E-05,2.9640272E-05
833,5.1586889E-05,0.00017503649,4.0582381E-05,3.113132E-05
834,5.0185248E-05,0.000174319372,4.2282976E-05,3.0415133E-05
,,,,
863,5.0943345E-05,0.000175603665,4.091952E-05,3.0387193E-05
865,5.1304698E-05,0.000175581314,4.1092746E-05,3.0640513E-05
865,5.1304698E-05,0.000175581314,4.1092746E-05,3.0640513E-05
866,5.1178038E-05,0.000175557099,4.1300431E-05,3.0702911E-05
867,5.1138923E-05,0.000175897963,4.1164458E-05,3.0740164E-05
868,5.1449984E-05,0.000175757334,4.1366555E-05,3.0980445E-05
869,5.0873496E-05,0.000175572932,4.1366555E-05,3.0980445E-05
870,5.336944E-05,0.000180065632,4.1430816E-05,3.1423755E-05
871,5.8180653E-05,0.000186667778,4.3479726E-05,3.4336932E-05
872,6.07986E-05,0.000201111659,4.3479726E-05,3.4336932E-05
873,6.3408166E-05,0.000193257816,3.4411438E-05,2.3656525E-05
874,5.6128018E-05,0.000193257816,2.2307038E-05,2.1272339E-05
875,4.3739565E-05,0.000171520747,2.6497059E-05,1.7681159E-05
876,4.9158931E-05,0.000171327963,2.6497059E-05,1.7681159E-05
877,4.5472756E-05,0.00016519893,2.0234846E-05,2.2233464E-05
878,3.6194921E-05,0.000151387416,2.3194589E-05,1.4423393E-05
879,2.9038638E-05,0.000147020444,1.9861385E-05,5.581416E-06
880,2.7732924E-05,0.000147148967,1.6227365E-05,3.871508E-06
881,2.3667701E-05,0.000140935183,1.8571503E-05,4.19002E-06
882,2.2579916E-05,0.000141534954,1.8348917E-05,2.385117E-06
882,2.2579916E-05,0.000141534954,1.8348917E-05,2.385117E-06
883,2.4874695E-05,0.000143162906,1.7965212E-05,2.95043E-06
884,2.4178065E-05,0.000141852535,1.8524937E-05,3.058463E-06
885,2.2809952E-05,0.000140576623,1.846347E-05,2.503395E-06
886,2.4019741E-05,0.00014273636,1.895614E-05,2.330169E-06
887,2.4881214E-05,0.000142751262,1.8622726E-05,3.236346E-06
888,2.3489818E-05,0.000141450204,1.8958934E-05,2.665445E-06
889,2.4020672E-05,0.000142193399,1.9522384E-05,2.856366E-06
890,2.4541281E-05,0.000142618082,1.863949E-05,2.856366E-06
891,2.4044886E-05,0.000141923316,1.9177794E-05,2.913177E-06
892,2.397038E-05,0.000142294914,1.9138679E-05,2.480112E-06
,,,,
950,2.4063513E-05,0.000142300501,1.8745661E-05,2.796762E-06
951,2.4133362E-05,0.000142512843,1.8602237E-05,2.71108E-06
952,2.3971312E-05,0.000142411329,1.8944964E-05,2.629124E-06
953,2.4153851E-05,0.000142699108,1.8944964E-05,2.629124E-06
954,2.3961999E-05,0.000142699108,1.8795021E-05,2.758577E-06
955,2.4266541E-05,0.000142700039,1.878012E-05,2.856366E-06
956,2.4046749E-05,0.000142438337,1.8945895E-05,2.856366E-06
959,2.4097972E-05,0.00017531123,1.9164756E-05,2.961606E-06
960,0.000109052286,0.000120444223,5.2760355E-05,6.6256151E-05
961,5.3419732E-05,9.3645416E-05,4.8932619E-05,4.9892813E-05
963,3.194809E-05,0.000144395046,2.641231E-06,-2.8043985E-05
964,4.4786371E-05,0.000172745436,3.8847327E-05,4.3469481E-05
965,4.1818246E-05,0.000175794587,3.8847327E-05,4.3469481E-05
966,5.0120987E-05,0.000175794587,2.6390888E-05,1.46823E-05
967,4.6859495E-05,0.000174440444,5.5405311E-05,3.6071055E-05
968,3.8185157E-05,0.00017246604,3.5178848E-05,2.7085654E-05
969,4.7037378E-05,0.000171421096,3.5495497E-05,2.7026981E-05
970,5.5104494E-05,0.000165288337,4.791934E-05,2.9486604E-05
971,5.5104494E-05,0.000165288337,3.6370941E-05,2.9486604E-05
972,4.8871152E-05,0.000171753578,4.4412911E-05,3.2783486E-05
973,5.0766394E-05,0.000174334273,4.4875778E-05,2.6165508E-05
974,5.3093769E-05,0.000174334273,4.4920482E-05,2.6165508E-05
975,5.3093769E-05,0.000181434676,4.5252964E-05,3.2214448E-05
976,5.0359406E-05,0.000179204158,3.9411709E-05,2.9229559E-05
978,5.1100738E-05,0.000177729875,4.0719286E-05,2.9874966E-05
979,5.053822E-05,0.000174551271,4.019402E-05,3.1169504E-05
980,4.9767084E-05,0.000171829946,4.1985884E-05,3.012456E-05
981,5.0140545E-05,0.000173580833,4.1985884E-05,2.9047951E-05
982,5.2037649E-05,0.000176611356,4.2216852E-05,2.9966235E-05
983,5.2670017E-05,0.000177335925,4.2847358E-05,3.066659E-05
984,5.0419942E-05,0.000176712871,4.2635947E-05,3.0244701E-05
,,,,
1013,5.0669536E-05,0.000175941736,4.2007305E-05,3.0323863E-05
1014,5.0769188E-05,0.000176223926,4.2146072E-05,3.0232593E-05
1015,5.0856732E-05,0.000176097266,4.2146072E-05,2.9893592E-05
1016,5.0643459E-05,0.000175765716,4.1920692E-05,3.0077063E-05
1017,5.0590374E-05,0.000176032074,4.1907653E-05,2.9847957E-05
1019,5.0622039E-05,0.000176154077,4.1992404E-05,3.0274503E-05
1021,5.0479546E-05,0.000175749883,4.2252243E-05,3.0484051E-05
1022,5.0425529E-05,0.000175572,4.196167E-05,3.0133873E-05
1023,5.5180863E-05,0.000179625116,4.2154454E-05,3.0298717E-05
1024,6.6554174E-05,0.000194537453,3.4739263E-05,3.4438446E-05
1025,6.5553002E-05,0.000184807926,3.6355108E-05,3.553275E-05
1026,5.2624382E-05,0.000184807926,2.620928E-05,3.0535273E-05
1027,4.8308633E-05,0.000172120519,2.620928E-05,3.0535273E-05
1028,5.4392032E-05,0.000178129412,2.8474256E-05,2.8916635E-05
1029,4.5676716E-05,0.000171066262,1.9103289E-05,1.7295592E-05
1030,2.97511E-05,0.000155078247,2.701208E-05,1.2340955E-05
1033,1.7944723E-05,0.000138269737,2.1664426E-05,3.404915E-06
1035,2.6741996E-05,0.000145840459,1.7222017E-05,5.170703E-06
1037,2.1938235E-05,0.000141148455,1.9105151E-05,2.179295E-06
1038,2.5078654E-05,0.000143890269,1.8683262E-05,3.62657E-06
1039,2.3684464E-05,0.000141487457,1.8683262E-05,3.62657E-06
1040,2.2544526E-05,0.00014170073,1.8558465E-05,3.520399E-06
1041,2.4504028E-05,0.000143252313,1.8901192E-05,3.132038E-06
1042,2.3975037E-05,0.000142297707,1.7972663E-05,3.213063E-06
1044,2.4109147E-05,0.000142707489,1.8427148E-05,2.943911E-06
1045,2.3855828E-05,0.000142314471,1.8352643E-05,3.410503E-06
1046,2.3418106E-05,0.000142314471,1.8352643E-05,2.828427E-06
1047,2.4076551E-05,0.00014216546,1.855474E-05,3.168359E-06
1048,2.3560598E-05,0.000142252073,1.8844381E-05,3.160909E-06
1049,2.394896E-05,0.000142252073,1.8849038E-05,3.160909E-06
1050,2.3734756E-05,0.000142545439,1.8849038E-05,3.231689E-06
,,,,
1100,2.3731031E-05,0.000142438337,1.8816441E-05,3.242865E-06
1101,2.3894012E-05,0.000142540783,1.8763356E-05,3.272668E-06
1101,2.3894012E-05,0.000142540783,1.8763356E-05,3.272668E-06
1102,2.4039298E-05,0.000142753124,1.883693E-05,3.272668E-06
1103,2.442766E-05,0.000143255107,1.8953346E-05,3.509223E-06
1104,2.3513101E-05,0.000141909346,1.8849969E-05,3.908761E-06
1105,2.3338944E-05,0.000142071396,1.8733554E-05,2.903864E-06
1106,0.000118434429,0.000123664737,-7.403083E-06,2.885237E-06
1107,1.4967285E-05,0.000104761682,-5.114824E-06,4.160218E-06
1108,1.3671815E-05,0.000120622106,1.0033138E-05,-7.101335E-06
1109,3.3960678E-05,0.000148772262,5.965773E-05,-7.101335E-06
1110,3.3642165E-05,0.000151635148,2.3855828E-05,1.6964041E-05
1111,3.4372322E-05,0.000161350705,3.6928803E-05,2.4732202E-05
1112,4.2794272E-05,0.000168139115,1.7697923E-05,2.20723E-07
1113,2.893433E-05,0.000154216774,4.1215681E-05,2.1438114E-05
1114,4.3090433E-05,0.000159290619,1.0167249E-05,1.6415492E-05
1115,2.9634684E-05,0.000154362991,4.0704384E-05,1.613982E-05
1116,5.784817E-05,0.00017140992,2.7993694E-05,1.613982E-05
1117,4.9674883E-05,0.000171644613,4.6024099E-05,3.4837984E-05
1118,4.9955212E-05,0.000166158192,5.0279312E-05,3.4837984E-05
1119,5.0483271E-05,0.000174080022,3.770832E-05,4.0647574E-05
1120,5.7864934E-05,0.000180087984,4.6478584E-05,3.2933429E-05
1121,5.6521967E-05,0.000179597177,4.1792169E-05,3.2933429E-05
1122,4.8355199E-05,0.00017648004,3.8931146E-05,2.944842E-05
1123,5.198177E-05,0.000176523812,4.5564026E-05,3.0709431E-05
1124,5.3660013E-05,0.000181090087,3.6844052E-05,2.9281713E-05
1125,5.3146854E-05,0.000173918903,3.7837774E-05,2.8386712E-05
1126,4.939083E-05,0.000172683969,4.1972846E-05,3.0502677E-05
1127,5.3393655E-05,0.000175407156,3.8575381E-05,2.8586015E-05
1128,5.4177828E-05,0.000175903551,4.0224753E-05,3.0229799E-05
1129,5.3391792E-05,0.000176328234,4.0462241E-05,2.9144809E-05
,,,,
1161,5.2436255E-05,0.000175780617,4.060287E-05,2.9289164E-05
1162,5.2421354E-05,0.000175935216,4.0395185E-05,2.9337592E-05
1163,5.2421354E-05,0.000175816007,4.0424056E-05,2.9615127E-05
1164,5.2458607E-05,0.000176049769,4.0424056E-05,2.92724E-05
1166,5.285535E-05,0.000176356174,4.0576793E-05,2.9921532E-05
1168,5.2526593E-05,0.000175827183,4.0447339E-05,2.9205345E-05
1169,5.2510761E-05,0.000175997615,4.0115789E-05,2.901163E-05
1172,6.8039633E-05,0.000187505968,3.7216581E-05,3.6538579E-05
1173,5.9766695E-05,0.000181741081,2.916716E-05,2.7141534E-05
1174,5.593989E-05,0.000173392706,2.916716E-05,2.7141534E-05
1176,5.4788776E-05,0.000171267428,2.7888454E-05,2.6464462E-05
1177,4.1413121E-05,0.000172948465,2.747681E-05,2.6464462E-05
1178,3.9865263E-05,0.000136413611,2.4489127E-05,1.3086945E-05
1179,3.1841919E-05,0.000137781724,3.1416304E-05,1.2525357E-05
1180,2.7992763E-05,0.000151414424,1.949165E-05,1.07754E-06
1180,2.7992763E-05,0.000151414424,1.949165E-05,1.07754E-06
1181,2.8225593E-05,0.000156605616,2.0856038E-05,4.643574E-06
1182,2.1719374E-05,0.000151061453,2.8396957E-05,3.952533E-06
1184,2.399832E-05,0.000140831806,2.4144538E-05,7.422641E-06
1185,2.2528693E-05,0.000139698386,2.1141954E-05,7.422641E-06
1186,2.3188069E-05,0.000141106546,2.1141954E-05,3.498979E-06
1187,2.4891458E-05,0.000142429955,1.9703992E-05,5.842187E-06
1188,2.4001114E-05,0.000141199678,1.8510036E-05,3.22517E-06
1189,2.2366643E-05,0.000141882338,1.8613413E-05,2.061017E-06
1190,2.3243017E-05,0.000141882338,1.7890707E-05,2.061017E-06
1191,2.3442321E-05,0.000140125863,1.7890707E-05,2.931803E-06
1192,2.3827888E-05,0.000141853467,1.8409453E-05,2.573244E-06
1193,2.4176203E-05,0.000143437646,1.8283725E-05,3.072433E-06
1194,2.4225563E-05,0.000142901205,1.8283725E-05,3.072433E-06
1195,2.4225563E-05,0.000142266974,1.8641353E-05,3.509223E-06
1196,2.3783185E-05,0.000141445547,1.8258579E-05,3.129244E-06